a1,a2,a3,a4,a5,a6,a7,n1,n2,t_half_Lead,v_max_Lead,t_half_Lagg,v_max_Lagg,LeadRecruitError,LaggRecruitError,CytoError,LeadRecoveryError,LaggRecoveryError,mmh
0.6978522458,0.578100371,0.9228225219,2.637508469,1.521451566,0.002729551863,4.93E-10,1.032299027,1.066348488,10.96580942,1.193597704,12.63973829,1.166038691,0.2155665867,0.08786833958,0.2125444128,2.128135875,1.523911572,1
0.6323483848,0.5466510877,1.328187777,1.94220452,0.513905625,0.003019751309,0.0004396391674,1.063397256,1.180683225,12.24172991,1.21012744,13.4203335,1.194425629,0.1086974964,0.1588307651,0.2154643721,1.632911792,1.515151559,1
0.5432705037,0.681680201,0.9464228207,1.119666843,382996835455,0.009728334536,0.008899742893,1.105293211,1.03482502,14.45097896,1.23609687,11.07181182,1.186834597,0.2362071603,0.1885250381,0.1692622003,1.263391567,1.057989502,1
0.6301504165,0.4894948305,0.6592526787,3.191761636,9.008614424,0.003721350116,0.001461058931,1.065929734,1.012848293,12.75369438,1.257614503,14.7763531,1.180521638,0.1563619033,0.1092972,0.1282354123,1.852353838,2.4914664,1
0.4130857834,0.5237214491,0.7097775952,0.5738226654,9369008493054,0.002594993298,6.81E-15,1.167014747,1.021079133,19.94993271,1.381675776,13.8523885,1.174785873,0.2205276405,0.0868329517,0.1359810967,1.313880664,2.027735798,1
0.3595907564,0.6497847198,0.9459571283,0.3711045093,14911403276701,0.006776390492,0.005722836434,1.18609342,1.048972864,21.08279452,1.286310006,11.25966063,1.152325182,0.1896710204,0.08764526435,0.2068460865,2.701506499,1.211330483,1
0.592957168,0.6519258994,0.864919005,1.510246797,203580207379,0.002272105805,2.08E-19,1.079378436,1.017684225,13.30875963,1.241707834,11.05541961,1.141001662,0.08303250416,0.1126861382,0.1424461745,1.446635727,1.279524777,1
0.4010046631,0.5203774218,0.6671347555,0.5343990761,1289681389,0.002331033419,3.98E-17,1.175839142,0.9997464835,20.35145618,1.352913858,13.77156818,1.163197791,0.06011895359,0.1128891102,0.1283927695,1.695950245,2.168316401,1
0.7655145372,0.5208163336,0.6537732028,1.53E+15,6421225894,0.002665003724,0.0001929252072,1.010395261,0.9917369761,9.851488593,1.163826608,13.82933941,1.161710379,0.1791343278,0.1057546641,0.1992833547,2.429252895,2.226839868,1
0.7638674275,0.5562905227,0.7228168392,4136174820,192503400837,0.00270147655,0.0003194954793,1.010894461,1.004797545,9.793124636,1.15540806,13.05388714,1.166383546,0.1961765543,0.1283546244,0.1818853989,2.37863453,1.705647903,1
0.7599778653,0.6088703405,1.529704822,9.716350938,0.553705481,0.002421121985,4.67E-10,1.010847148,1.198847043,9.66764277,1.143933552,12.47912531,1.20784419,0.2441267853,0.08441435691,0.1790204788,2.340488445,1.000993699,1
0.735901787,0.54250004,0.7912178183,19.30869848,49.31085557,0.001895404811,6.81E-13,1.022300442,1.046773344,10.11440896,1.154839674,13.68633886,1.185870805,0.2119542734,0.09798704886,0.1386293011,2.192390484,1.757513892,1
0.6141268173,0.6608848436,1.092162724,0.9418423561,1.840926132,0.005499254529,0.003718555274,1.058825456,1.082812923,11.97231861,1.166386082,11.3167084,1.17380066,0.2383674472,0.09749468956,0.179923123,1.535888639,1.046235571,1
0.6100929805,0.544283545,0.6730631544,3.273300453,57.08594055,0.002239410945,6.23E-16,1.0771604,0.9872256308,13.28565369,1.261253225,12.99023339,1.141313967,0.071725874,0.1489335351,0.1210558024,1.603318866,2.046948678,1
0.7419104017,0.5555699661,0.7721115974,22744.73437,4.490343392,0.004462152732,0.003044172713,1.021211906,1.024962383,10.09142655,1.153494548,12.98793769,1.153569839,0.2079533594,0.1224133514,0.1770060041,2.18723684,1.844135666,1
0.565031935,0.5028631779,0.6274420285,68.51516015,3721691118065,0.002694869408,0.0007866115188,1.107334228,0.9902948642,14.74651218,1.289834705,14.2987059,1.170913846,0.2082629851,0.1147593027,0.1735139187,1.278899069,2.361973052,1
0.721985921,0.5948534265,0.7833442953,876801489.6,14138307368,0.002434247554,6.24E-13,1.028912344,1.009637629,10.55828376,1.176715881,12.21326477,1.167231729,0.1529975845,0.2444813426,0.1545793222,2.172060228,1.328262875,1
0.6006557055,0.5787528044,18.10493562,2.83870371,0.1466126685,0.00338754393,0.001927187979,1.081797789,1.91817699,12.73157224,1.201264783,11.55422487,1.153553571,0.07897140689,0.2489455286,0.2525211251,1.423858892,1.260384971,1
0.4867455535,0.3772589634,101.5773188,1.054075525,1.20E-01,0.01556940619,0.01627661368,1.136609595,2.560702231,15.90612535,1.249837073,14.82898346,1.307474526,0.05978231349,0.2909702366,0.3011669083,1.363245042,1.056678614,1
0.7058466656,0.5553170237,0.9172065245,3839522048,700378945604,0.004672448296,0.003233356248,1.036497416,1.092185904,10.97408466,1.201543424,13.97966932,1.231970993,0.1619679469,0.1537291816,0.198757989,2.202476935,1.289872994,1
0.3894927707,0.6009658215,0.8277727621,0.6801898916,5.39E+19,0.02088263033,0.02232545406,1.193206778,1.029522579,22.13958578,1.418056444,12.404115,1.188027551,0.1206137586,0.09781239494,0.132854691,1.728638014,1.153518139,1
0.7641915236,0.5831473767,0.7066974657,10.87351698,3810584385,0.008023493015,0.006654557792,1.007534117,0.9795784687,9.803587381,1.156427341,12.16718754,1.133645866,0.1984751607,0.1393950883,0.2470462677,2.380122224,1.724688566,1
0.5843580802,0.5499075711,0.7173109711,2360.461915,1499484588816,0.02603317201,0.02798228427,1.096435202,1.008244046,14.85195061,1.341863347,13.47891778,1.19405207,0.1875561422,0.1275358854,0.1825729447,1.774483482,1.546170794,1
0.7107845212,0.6888278422,0.9023702375,55423009258164,7.844368152,0.002873066758,0.0001312937483,1.033649539,1.009354774,11.17514495,1.222918358,10.30368114,1.12969041,0.1937735067,0.1729665852,0.1544591138,2.346500628,1.23994641,1
0.3956710026,0.5545365739,2.012512182,0.4582668823,0.3540335751,0.0144600028,0.01471456872,1.175410989,1.300049187,19.78451237,1.292407414,13.65432349,1.226541136,0.1420518853,0.06040430477,0.1843781752,2.10770823,1.219763819,1
0.6500293957,0.5601794811,1.306362498,8.556015695,6.61E-01,0.00294927819,0.000806067865,1.060960014,1.178257794,12.17464766,1.234051744,13.54414414,1.224758566,0.0832933113,0.1005679333,0.1761826449,1.886376118,1.194538244,1
0.4639286429,0.5201582774,0.5865241207,0.547088239,18294265.1,0.004025556177,1.56E-03,1.131085914,0.9508977876,16.8357687,1.270867945,13.40079809,1.129848694,0.1226877534,0.1790015346,0.2442994878,1.378479125,2.492878663,1
0.3647447414,0.6520187497,0.8923601679,0.4852764145,1.06E+15,0.008243524256,0.007161870552,1.200472292,1.027769385,22.6667326,1.386031544,11.23050245,1.163666416,0.0721224736,0.1472094707,0.1299578548,2.260642468,1.098842752,1
0.4253011346,0.5000284877,10.63714899,0.7136666456,0.1683037699,0.01812933348,1.92E-02,1.168470261,1.812109927,18.8453642,1.310551151,14.49266026,1.287941236,0.0658002111,0.1563937425,0.2517754666,1.566332599,1.016550331,1
0.4569111919,0.49900032,0.6451843879,0.6668476527,60765986325523,0.002403461277,3.99E-05,1.143793802,1.002855517,17.72309753,1.318872598,14.43222715,1.170309876,0.06256342618,0.09898050503,0.1440112256,1.262423547,2.450969733,1
0.6969625835,0.5429468821,0.6762488106,39.03316328,1271174027324,0.00278071206,0.0004937359162,1.040039758,0.9892383227,11.27642812,1.209638849,13.11945923,1.149805809,0.08899912743,0.1291087062,0.1426093061,2.107021993,1.984034335,1
0.5988223353,0.5439061587,3.422498043,2.223549903,0.2562785729,0.00213429074,4.45E-14,1.080062509,1.459542518,12.81690997,1.214595676,13.826792,1.250863073,0.1051949248,0.1112096714,0.2452403772,1.456991587,1.060455676,1
0.7208379831,0.5486029346,0.6990086174,513364882382,29.08608992,0.002552615076,2.11E-04,1.030031984,0.9963484488,10.70367796,1.185299063,13.08174615,1.158005431,0.1290040391,0.1439415235,0.1594899465,2.184095577,1.830670417,1
0.5391549592,0.3958024829,23.43996687,1.471696913,0.1385602347,0.01254184058,1.27E-02,1.11000301,2.10931185,14.32967094,1.240786179,18.47595749,1.408307368,0.06038781336,0.229215959,0.2400434815,1.240007131,1.48500894,1
0.5605467382,0.5068126868,4.477708536,1.343900537,0.2060010591,0.008756945255,7.94E-03,1.094907638,1.550463654,14.04621058,1.254925274,14.45041769,1.215936307,0.1273509258,0.1541069625,0.1852463569,1.306861788,1.762872542,1
0.7782787849,0.6441996445,0.9139267815,1162067922013,16212135316841,0.002348901378,2.31E-06,1.006116387,1.041114843,9.502712902,1.142256631,11.64992056,1.180976154,0.2378615617,0.1152613172,0.1663282879,2.420764237,1.043393756,1
0.689200391,0.7104358885,1.019112863,2.186732929,1.351478983,0.009147140866,0.008527624547,1.0348824,1.025143054,10.91099068,1.157104741,9.719786536,1.092280048,0.2127141596,0.2142030953,0.2985511998,1.816877264,1.512902582,1
0.6501588099,0.5963413049,0.6894094184,2.24086121,645917878.4,0.002010301177,1.28E-05,1.052112371,0.9623419509,11.80417926,1.194330792,11.48417587,1.094764638,0.1254180956,0.2341530493,0.235135816,1.699750837,1.957658674,1
0.6579191589,0.6423511336,1.314083738,6005503282,0.8349634653,0.001990394361,1.21E-12,1.059554151,1.141896846,11.84561318,1.206992736,11.61007905,1.1873825,0.1438115497,0.1064357648,0.1685890128,1.793369874,1.009013901,1
0.6704921759,0.5219263979,0.6586588095,25.9726172,95.35792012,0.01302271274,1.28E-02,1.052421934,0.9940453311,11.99415527,1.236994256,13.79600527,1.161737119,0.07136453508,0.115159055,0.1335837096,2.027002764,2.206365391,1
0.5227135845,0.4531667713,0.5778689062,0.9385655436,838636213561,0.003158655934,0.0009802339812,1.110487806,0.9940632708,15.3157863,1.277974411,15.94156811,1.182724764,0.07209756975,0.100591043,0.1230676388,1.169291577,3.113936744,1
0.5585384531,0.5445838086,14.03251947,3.032614129,0.1600422288,0.05324170012,0.06200918601,1.102353981,1.866159056,14.28256219,1.249588754,13.70832567,1.311333659,0.109791607,0.1750848523,0.2458961253,1.228813771,0.8822519471,1
0.6641482685,0.6633804204,0.8824249864,19.85970632,13.80490153,0.002297938612,5.15E-15,1.055680255,1.016340704,11.94637605,1.224147394,10.86710703,1.14391021,0.08721497806,0.1313738441,0.1278038923,1.896535995,1.210691491,1
0.3463259192,0.47283479,2.006341675,0.4003965774,0.3135700919,0.002193829146,2.84E-13,1.206471322,1.341000163,22.81641608,1.345145589,15.78592626,1.236112252,0.09569291401,0.06193017769,0.1615103884,2.738598626,2.205679061,1
0.6994117691,0.5018593814,1.088865576,10.85398212,0.5736995777,0.003013214577,0.000573299959,1.038678044,1.141671991,11.02214964,1.187487647,14.35790653,1.183033698,0.1230448267,0.1921394621,0.1794421356,2.03290173,2.20255801,1
0.5879646005,0.6165508762,1.363442445,49216284659,0.8140536202,0.007864215156,0.007062245821,1.095799555,1.170332928,14.05410616,1.284712916,12.69201151,1.238923392,0.1403313087,0.09022241076,0.2288396961,1.493030563,0.8994549683,1
0.5409782747,0.5114061893,0.6391145601,0.9984775708,4.95E+08,0.002380535137,8.56E-10,1.099100168,0.9905701394,14.70348215,1.278196059,13.79663356,1.140058206,0.1953718798,0.1640352509,0.1392613631,1.241119374,2.56290604,1
0.5103062639,0.4963662623,0.6317031654,1.292349344,7.323373637,0.002772430496,0.000763695864,1.124056304,0.9902623598,16.06075382,1.293661328,14.2934019,1.161460595,0.1274177017,0.1863468257,0.1279862316,1.168748982,2.511437369,1
0.4447274147,0.6789334787,0.8801867869,0.9304281115,565956.6978,0.003340052952,0.001382272602,1.158902747,1.012075916,19.65086427,1.42681,10.32790053,1.11242573,0.1965602851,0.2429602086,0.1514281814,1.089224027,1.414390593,1
0.7112369689,0.7991434308,1.10075122,16.89105693,192.4467311,0.01019779987,9.51E-03,1.0332562,1.035222508,11.03583604,1.206829069,9.15529282,1.130705932,0.110386083,0.1555205118,0.1672439443,2.216155258,1.500419611,1
0.6671591915,0.5201579089,0.6501502992,139.9145848,2.23E+16,0.002302698338,6.76E-15,1.054981489,0.9913640817,12.07629017,1.241674248,13.72132189,1.154584021,0.07122456502,0.1309287186,0.129948596,2.039707379,2.278984,1
0.7357287278,0.5163686461,2.50572173,1572264532,0.2826401039,0.0195078012,2.05E-02,1.022390682,1.379154135,10.30111398,1.176672554,14.59979885,1.23426201,0.1753707651,0.0583696445,0.2092645215,2.29834519,1.576327802,1
0.6966762036,0.4371919087,2.321224148,150.6817077,0.2699354678,0.005246635262,0.003078082508,1.041695579,1.404616848,11.38568787,1.232809279,17.42357177,1.273205495,0.2257125824,0.06703422443,0.1941489347,2.348546685,2.583431603,1
0.5526465078,0.4979589529,0.7484904124,1.187303346,2.086778226,0.002252389983,1.22E-05,1.098704128,1.048985268,14.63125191,1.287332695,14.47954836,1.161382986,0.08613214702,0.2163161218,0.2004312069,1.305976015,2.622110817,1
0.6057780529,0.6549762135,5.352706104,2.86678849,0.223956878,0.01009360517,0.009393065876,1.079808569,1.53771372,12.79303505,1.219345342,11.68015625,1.254165384,0.07496453362,0.1209425914,0.2236973244,1.483877841,1.145228827,1
0.4883012749,0.6471278989,1.019626001,7.035939732,11.40805541,0.001633116919,8.70E-14,1.149320896,1.078653813,17.52519035,1.344704921,11.88808419,1.211513121,0.23493413,0.08074114755,0.2945785077,1.111602998,0.9565432617,1
0.5844346601,0.5840859154,0.7502034225,1.983948812,1121376542929,0.002297835471,6.61E-14,1.087269056,1.003203824,13.79716423,1.264286953,12.27545137,1.150931825,0.07053835304,0.1178541244,0.1259676297,1.414609663,1.559725141,1
0.6429753644,0.6454034733,10.00641398,2.945425765,0.1787560923,0.002259839288,1.64E-11,1.058202312,1.719545381,11.59113968,1.171086267,10.44441038,1.137196912,0.2010602901,0.1570951162,0.2970872889,1.630721424,1.194831242,1
0.6790016257,0.5096473644,1.812231783,165938.8635,0.3827199736,0.007925405367,6.99E-03,1.048785492,1.298826,11.82309647,1.250289532,15.08772652,1.235624229,0.2198828627,0.222074403,0.1765736644,2.309820565,1.821775215,1
0.7328148096,0.5706407397,4.164582852,14.26004548,0.2112435008,0.002025816187,2.13E-05,1.023829715,1.488109447,10.06837304,1.137533226,11.96157828,1.113297132,0.2000221179,0.1724384966,0.2754835748,2.061587091,1.920764128,1
0.6891500716,0.6049003593,0.7616827172,144323331842,24448010661,0.002399769886,3.47E-05,1.044977692,0.9972472331,11.54857316,1.223227917,11.78010975,1.138351139,0.07105907091,0.1337705337,0.1575652664,2.115381698,1.507561568,1
0.5782539352,0.5096470886,1.152468642,1.02E+12,0.5069558058,0.0129391292,1.30E-02,1.100479792,1.154269058,14.40560748,1.284452714,14.08559881,1.169252995,0.1982561318,0.1222752,0.1773424815,1.348448493,2.261063407,1
0.6566344898,0.5733135982,0.7869059156,89797668735,508.7446162,0.002366290463,3.48E-21,1.062154788,1.02748987,12.12401301,1.22511938,13.04062983,1.20213603,0.1722416479,0.170913874,0.1740453062,1.81506077,1.250616126,1
0.7229054708,0.9821199529,1.338260365,1483547226,33.02144453,0.004598840529,0.002399921516,1.02822359,1.031506937,10.72891472,1.193382092,7.400448862,1.120505668,0.1308513273,0.1971713161,0.1706474536,2.252058164,2.345134878,1
0.3853898589,0.5269962773,0.6583710459,0.4574723015,3858141331,0.006907828651,0.005572158324,1.179254493,0.9903491144,20.7791948,1.34106428,13.41670127,1.140647734,0.09345572038,0.1445371139,0.1622690963,1.990681896,2.32313938,1
0.5423250478,0.4704388627,0.6985485565,1.187357741,367958572214,0.00243510457,2.16E-05,1.103099623,1.052198166,14.95353561,1.304157768,16.00531995,1.222993218,0.185388802,0.08230562627,0.1759514643,1.326017251,2.529413773,1
0.4548228467,0.4451422491,51.93521464,0.8096817857,0.1238760894,0.01860063387,2.02E-02,1.150992653,2.305476066,17.22842047,1.275552503,14.82361026,1.315103597,0.05596013748,0.323788931,0.2531291008,1.42002279,0.9881439728,1
0.6615668163,0.5904596057,0.8187642215,752146237045739,383.9442648,0.002123079722,0.0001062828365,1.057258224,1.03076845,11.97023905,1.225122828,12.38182849,1.168680063,0.08413135028,0.0837355693,0.1501491185,1.895306111,1.382866552,1
0.7190749347,0.5167631138,1.297567878,35430490136651,0.5732119726,0.001710069857,6.18E-07,1.028674521,1.19614132,10.42438385,1.170569115,14.33682739,1.192786717,0.1936580207,0.1369313593,0.2478678267,2.176581672,2.031238005,1
0.6354101517,0.6063719722,0.7360139045,6.51E+16,10390858423,0.002227113072,1.11E-17,1.070809293,0.9843061156,12.91992091,1.26244925,11.60850496,1.126316664,0.1097450819,0.1764362519,0.1492599657,1.816318312,1.590756041,1
0.3598651139,0.6019642173,1.013042123,0.4669876578,1.886566288,0.01270991706,0.01263179515,1.203767036,1.087856672,22.78008504,1.373964636,12.55590512,1.205669135,0.1053110157,0.1341302011,0.1415477213,2.423705747,1.03199671,1
0.6770194217,0.5599165644,0.7261204526,13.84776343,23220037489,0.002474521355,0.0001669526458,1.049255555,1.00552707,11.64594743,1.216585729,12.90902587,1.163236071,0.08505544398,0.1092045225,0.1325504745,1.973854,1.680636991,1
0.6855913866,0.3499195318,37.47204061,3017210749,1.32E-01,0.03783168718,0.0425899072,1.047276777,2.286702821,10.84819611,1.159157654,19.42547704,1.434913745,0.1033624329,0.2215929028,0.3194957494,1.857020615,1.643723008,1
0.6877299895,0.5864407855,0.8412018206,6.194338427,5.374667897,0.002779693667,2.60E-04,1.040580193,1.037472,11.33573734,1.213269811,12.47001721,1.172253203,0.1838657687,0.1329450551,0.1380161651,2.116166651,1.375994171,1
0.4773413056,0.4944014771,0.6770611932,0.7899751902,5786642950,0.002490992466,0.0003297383852,1.135705225,1.021113953,16.74912886,1.285446763,14.91669649,1.20711659,0.1209756721,0.1911812183,0.1439261047,1.296872471,2.152029011,1
0.6654960771,0.5197246184,0.8204274951,4.003885047,2.857695527,0.002465298055,3.11E-11,1.051561208,1.06566255,11.62162167,1.204743927,14.52466873,1.226884669,0.129161889,0.1941931394,0.1309499134,1.885982309,1.636140046,1
0.5633301855,0.6371300714,0.8886561988,1.351110509,35181490544699,0.005655832227,0.00416339074,1.094751995,1.036529317,14.2128994,1.266120943,11.53559705,1.160622993,0.06921851273,0.1104212683,0.1411439661,1.313040597,1.19123571,1
0.4350340635,0.5881639188,0.7201900566,0.6689255171,77.81692676,0.002297515082,1.47E-16,1.158632136,0.9860210249,19.05995595,1.35358333,11.90375847,1.124285781,0.06602915642,0.1735464835,0.1403819089,1.297890848,1.736089111,1
0.4667461146,0.5875401255,1.170397218,0.7705352222,0.7084701376,0.002038134999,6.25E-07,1.140189216,1.127192421,17.4851741,1.325061318,12.08929207,1.137614026,0.08102902219,0.1772656322,0.1343406974,1.1999468,1.646414928,1
0.7538635068,0.7935537582,1.039008042,33.00055809,13.02882924,0.004265556466,0.00231976248,1.014573446,1.012995082,10.00223116,1.161718157,9.003138119,1.114251626,0.1713089326,0.1387101766,0.2188782165,2.319596164,1.510641856,1
0.3939677459,0.6321139537,0.8680163076,0.6374726999,186.5588958,0.006335922735,0.004851647078,1.187053711,1.029290153,21.59789129,1.411262981,11.56802661,1.165956105,0.0848152433,0.1073487946,0.1518769223,1.589324193,1.146485172,1
0.4731110871,0.5837212066,0.8880415758,0.6331593136,1.61E+15,0.003945062434,2.19E-03,1.132668145,1.065421743,16.52669992,1.267544802,13.03521898,1.207013922,0.1229733615,0.1095417406,0.1423197319,1.357303024,1.187312504,1
0.477259642,0.490662166,0.6690456875,0.7356881228,1501673087,0.002471654197,1.10E-05,1.132054327,1.022951168,17.03434581,1.326974604,14.84021441,1.180936474,0.1713160087,0.111786838,0.1415048772,1.135725709,2.522106623,1
0.369178286,0.361205566,20.0585303,0.5342683191,0.1416644402,0.01564979435,0.01638703454,1.201563329,2.091086682,21.74731998,1.35333534,20.51054214,1.436874703,0.05137015513,0.2001095451,0.2392435052,2.24235847,2.056423827,1
0.3713252472,0.5601388422,1.218741804,0.4451321017,0.5305341531,0.005327332316,0.003703812287,1.191413045,1.145558002,21.85324835,1.360482378,12.56277495,1.132003818,0.06603628657,0.17463886,0.1967028,2.210461361,1.946412928,1
0.5128946163,0.7155940394,2.732923062,1.013663247,0.3357746021,0.009687939265,9.23E-03,1.117734694,1.317305117,15.437266,1.260677224,10.21600401,1.16675217,0.0802904845,0.08151699613,0.1871296594,1.255321132,1.236589152,1
0.6726067938,0.6430427312,0.8511512394,26.26384095,208593477994240,0.008054068667,0.006907343435,1.051862594,1.015733416,11.78361382,1.220454428,11.32128868,1.155156424,0.09146358313,0.1113453662,0.130123697,1.941908925,1.197481097,1
0.397759333,0.3698883071,19.00635827,0.6871399148,0.1414181914,0.01827740641,0.01948917514,1.187378671,2.066330665,20.65316892,1.362265344,19.30632744,1.362757627,0.08182312089,0.2000299221,0.2293394636,1.713059639,2.37221324,1
0.4595091104,0.4755857335,0.6537653839,0.7123167491,4.126790193,0.002489467575,1.96E-04,1.1449735,1.016385258,17.60282478,1.307276088,15.26592493,1.188747221,0.09650040526,0.1378799085,0.1311964287,1.304232844,2.638732057,1
0.4593773718,0.591733038,0.7578528052,0.71099559,7.69E+08,0.008102237979,7.02E-03,1.142621909,1.002354927,17.80455521,1.329202256,11.9959892,1.135702508,0.07771235517,0.1452987348,0.1318849929,1.220835549,1.6295961,1
0.4593325616,0.8258195776,1.049135611,0.6934864162,32.29696115,0.002480900915,3.82E-05,1.142589567,1.004769021,17.81462139,1.327510701,8.492011954,1.099599756,0.07123321805,0.1938707731,0.1711254726,1.22992126,1.696291958,1
0.596088486,0.8238046669,2.071897147,1.043347204,0.4916096307,0.002935356534,0.0005947769309,1.070467831,1.196762893,12.58762255,1.184660437,8.690359051,1.124133395,0.1721677426,0.1666455428,0.246320926,1.440400461,1.692744297,1
0.3645115308,0.629579491,1.228993111,0.5848995118,0.9641704857,0.02259709597,0.02438504648,1.20841405,1.130437652,23.70124673,1.441134285,12.07883088,1.205375618,0.09988818474,0.07162047428,0.1467354694,2.100049851,0.9655456274,1
0.4032621918,0.6606509603,0.8970825521,0.5585605634,3.46E+10,0.01527164044,1.56E-02,1.172944747,1.025994709,20.58555893,1.385513328,10.92027259,1.137835264,0.1570819721,0.139155377,0.1324954376,1.47369712,1.282337912,1
0.5626227458,0.7486361694,0.9856735018,0.9397228251,4.569413694,0.002268325372,8.89E-07,1.084833564,1.009124327,13.69733862,1.226235253,9.237632209,1.091752743,0.1434720927,0.209517804,0.233078657,1.295229025,1.489199804,1
0.7142624536,0.6865637978,0.8530153769,14138962230488,21307774870,0.002895024863,0.0001453632523,1.032789676,0.9932878972,11.09758136,1.216848194,10.3259947,1.128756419,0.1336666546,0.1848107863,0.1801329338,2.312050853,1.252184235,1
0.372123934,0.550144569,0.7632608565,0.4935001947,15170027437669,0.01745321268,0.0181829726,1.196040671,1.030507936,22.33732102,1.387356184,13.52310688,1.193426249,0.0791365261,0.08010777074,0.1315958589,2.121458071,1.574412646,1
0.7226664568,0.5292973183,0.6000638368,27.60287464,1246737939,0.002418253614,4.16E-13,1.02801158,0.9530150948,10.74367216,1.189415796,13.1510377,1.125097701,0.1118512702,0.1763727884,0.20067225,2.202840441,2.418888523,1
0.4946782397,0.4757704256,0.6866787979,0.9853761615,2.60E+18,0.001836589791,3.02E-12,1.128554309,1.040173023,16.30116552,1.291909419,15.59359431,1.207291523,0.08811912781,0.06965575869,0.2129402575,1.209575032,2.535165086,1
0.4180238793,0.5101735222,0.6321451618,0.604468106,2169356804561,0.002825700639,0.0006579037296,1.167170023,0.9869737085,19.72731957,1.357950931,13.86869813,1.149001188,0.0595701991,0.1373296702,0.1206971864,1.431314474,2.460009683,1
0.7750904097,0.5764420267,0.6878512962,15281258365739,56500.77499,0.006150484776,0.004176934111,1.005859087,0.9738845523,9.746530922,1.161779738,12.32427601,1.138953196,0.1755767859,0.1569402886,0.2466912026,2.470165215,1.72727752,1
0.5189693173,0.5039782838,0.6823140343,1.080454805,67677336480635,0.008204382012,0.007087614974,1.11605617,1.01990487,15.8019402,1.304935848,14.54090631,1.187789859,0.05935284949,0.08219078752,0.1300814718,1.152644899,2.23505949,1
0.5117047167,0.7499692043,1.105675226,1.084239562,2.58E+28,0.00221280493,4.41E-09,1.121562857,1.058930108,15.89369291,1.296674992,10.08442394,1.180545599,0.08075780906,0.08575176107,0.1720542606,1.147418051,1.343338018,1
0.4554997728,0.6054066934,0.8214319966,0.6969189562,855878983637,0.009528829133,0.008661878394,1.145923683,1.02392643,17.87587953,1.321846883,12.06514573,1.165770332,0.0615894942,0.08951994046,0.1223610847,1.270996745,1.280675167,1
0.4774128226,0.6233323842,1.316834278,2.3068759,0.7327390191,0.01833104798,0.01973452865,1.150286013,1.1501863,18.01643427,1.358088617,11.99872519,1.189666597,0.1976358858,0.0728059083,0.1800660744,1.108192157,1.03961396,1
0.7647636482,0.6091255258,0.8729682805,8345324111,2.839703762,0.002532116166,0.0001107591061,1.010801315,1.035060546,9.848183722,1.162862581,11.86165203,1.148767042,0.1817379669,0.100901565,0.1974608582,2.421945638,1.40796986,1
0.3729544907,0.6825970431,2.615159788,0.3766920016,0.3420464448,0.01193096307,0.01222499397,1.180445679,1.320812769,20.25167551,1.264335946,11.18853413,1.19055635,0.1723041078,0.2057120017,0.1780268943,2.607840078,1.041306254,1
0.4149449633,0.5087427015,0.6892484919,0.5678051306,2945301039,0.002377152624,1.34E-15,1.166516395,1.019460493,19.61613519,1.352315166,14.29259138,1.18181893,0.09556982651,0.08620335645,0.1327816894,1.447093058,2.181873551,1
0.5239732409,0.7764710057,0.97545641,1.0179355,60769606125,0.002598460131,0.0003765001098,1.112298216,1.00086592,15.47749663,1.282393226,9.070322301,1.107177989,0.08265245773,0.1807663776,0.1756999472,1.162520816,1.47536428,1
0.6029122427,0.4023097229,11.24044595,3.095568769,0.1542574676,0.008593850251,0.007937192976,1.081165978,1.884432362,12.82055476,1.215988933,17.45261487,1.257858103,0.07109512017,0.1605786126,0.2225000155,1.456452147,2.843541527,1
0.5283035286,0.7084698601,0.9014349837,1.165519665,7.938097006,0.005136369077,0.003413756559,1.110616644,0.9986982359,15.48373157,1.29208978,9.827978553,1.107564229,0.07105720411,0.1983922067,0.1462486077,1.162449766,1.381438972,1
0.7328899164,0.6514316803,0.7766676646,90129115482,375734765260,0.01436276169,1.42E-02,1.024261486,0.9761247751,10.66864453,1.192837494,10.87808115,1.124015677,0.1051875076,0.1685762242,0.2328578398,2.273757004,1.410557314,1
0.5986976864,0.631147134,0.8848670533,36799108903996,8.804206264,0.01448664425,0.01543070763,1.088272281,1.034039432,13.665529,1.261401028,11.50440945,1.148351377,0.1637001085,0.1507743649,0.1414310933,1.4328161,1.305109223,1
0.6017002963,0.4546586316,2.367004933,2.287446213,0.2710954992,0.003282392631,0.001319834914,1.078984597,1.396859567,13.02691499,1.23500704,16.25196811,1.234755416,0.08376329887,0.0666593226,0.1717969136,1.494090032,2.498891425,1
0.3553397444,0.5372591251,0.639012041,0.4781419221,1108076051,0.002440333956,0.000183033599,1.204395362,0.9716348089,23.66737176,1.431037624,12.84116842,1.117606799,0.1298984465,0.1985912685,0.1432292349,2.190483375,2.354967679,1
0.4092687257,0.6381841553,0.8292141078,0.6932311333,9698238407488,0.004763392515,3.50E-03,1.178473372,1.009122393,20.40781521,1.361948501,11.12701864,1.130565156,0.1267431029,0.1567400763,0.1322375691,1.623775203,1.398370785,1
0.3878474787,0.5134536902,0.6567505855,0.5424889279,71860.57798,0.002329084797,2.19E-06,1.18658636,0.9996562739,21.51328075,1.391026419,13.94363184,1.162182185,0.06105971001,0.1105687468,0.1334597837,1.761371604,2.289760266,1
0.4525728187,0.4156807981,18.30965962,0.8194833308,0.1480500991,0.01403210581,1.43E-02,1.153152255,2.02541289,17.38539035,1.284999464,17.29277895,1.376975537,0.05465975082,0.1928140292,0.2568816816,1.389592175,1.293404109,1
0.4251536709,0.3680143566,10.17698976,0.7568165897,0.1619252394,0.02546686657,0.02777611712,1.170838354,1.887425452,19.19643845,1.337415125,21.36619774,1.45785061,0.08063334691,0.1575546055,0.2327504624,1.441114506,2.195762803,1
0.4493626503,0.5344522061,0.7184221387,0.7218035825,150164860384,0.01132464056,1.08E-02,1.151158298,1.018762001,18.43274866,1.347027125,13.67629031,1.177209758,0.06132617907,0.08856833013,0.1285554068,1.22837174,1.882575221,1
0.3835906339,0.6146789159,0.9957345109,0.8552777724,2.341962502,0.0164147322,0.01714866283,1.203043792,1.078347138,23.02376473,1.451262716,12.31096423,1.203964638,0.1700368225,0.08297312196,0.1993000037,1.739619185,1.002398005,1
0.5935446126,0.468553885,0.7002730424,3.235722162,58831015587,0.002338563151,8.61E-05,1.08533723,1.052876184,13.80418136,1.291308604,16.17113846,1.23777215,0.115124753,0.09655570716,0.2297264376,1.693867022,2.398839731,1
0.6817281237,0.4939213389,0.6107909444,58.55679876,861509278390,0.01077262041,0.0100897131,1.047405478,0.9849807827,11.72497708,1.228945336,14.5168153,1.164389912,0.07134971397,0.1177596304,0.1340305018,2.083024198,2.595553147,1
0.7269811316,0.4866636197,0.6208257027,224830270870,21.7421303,0.01069189433,0.009870336659,1.026924719,0.9938231174,10.69589205,1.193045305,14.88001011,1.178136588,0.1214511854,0.119569138,0.1639624859,2.26405621,2.589017592,1
0.4989841946,0.6117470026,0.8659979693,1.626347986,3.74E+13,0.01526834307,1.55E-02,1.135093375,1.040188808,16.92264482,1.332134339,12.42066189,1.208896196,0.1502197562,0.1423952961,0.1757936011,1.113354556,0.9888406758,1
0.6548306911,0.7505450422,6.801878113,21547001247,0.2096596985,0.002363435687,7.28E-05,1.061257513,1.565673288,11.80887878,1.198247451,9.209529528,1.135628988,0.08665264686,0.1539906344,0.248958505,1.725759136,1.521899727,1
0.507472314,0.5466976839,2.379387425,1.704661176,0.3041350659,0.002269447416,3.75E-09,1.130050926,1.348771939,16.18284548,1.297201818,13.18821689,1.197604951,0.1228804461,0.1877293289,0.1818786445,1.166251651,1.373622599,1
0.4415278138,0.6049929895,0.8130264444,0.8367821006,706423282.7,0.00232814344,4.23E-15,1.160191249,1.021008961,19.18775294,1.379503098,11.98998404,1.163730972,0.09262952366,0.1135561829,0.1600006794,1.182296753,1.277552952,1
0.6333136148,0.3851718777,32.68014973,15.81314438,0.1348578614,0.00194229229,1.58E-13,1.072263296,2.218570962,11.78916191,1.182101302,17.37181503,1.377598472,0.07830986275,0.2298436092,0.2845581012,1.618182562,1.3497755,1
0.6696738307,0.6147539521,0.8289257702,5.202367118,5.09918431,0.002745327113,1.48E-04,1.050224078,1.017121539,11.84408867,1.22932671,11.6895001,1.14883975,0.0991069894,0.1262453933,0.1695397556,2.017827599,1.348917136,1
0.6432194352,0.3299751985,13.91712363,20417508732,0.1526631799,0.01392568171,1.41E-02,1.06766414,2.012802843,11.95996147,1.212104057,24.15245997,1.546969363,0.07297163723,0.1827992036,0.2358596553,1.787993312,2.455133425,1
0.4440425331,0.5173148446,2.411737074,0.6099446012,2.67E-01,0.002258132902,1.77E-13,1.150301638,1.363915423,18.09939081,1.317727502,13.88272761,1.170470158,0.07626145236,0.1861776737,0.2262503466,1.3318343,2.119399297,1
0.3498251159,0.5367837019,0.698718754,4.25E-01,4526202195,0.02233690002,0.02404999786,1.209605247,1.006923156,23.57523788,1.377054372,13.66817009,1.179017738,0.1608119844,0.08547389881,0.1983628619,2.683436504,1.849748998,1
0.4548026178,0.6326215814,1.1565547,4.58E-01,0.781865924,0.004534085564,0.002564782684,1.12904353,1.09770343,16.36443622,1.210445526,11.19170783,1.129572363,0.1992710828,0.1395475115,0.2493182076,1.696503779,1.421569922,1
0.7975205241,0.6401787533,0.9130906982,9.28E+10,1.08E+01,0.002720625658,0.0002800728,0.9974197048,1.041111675,9.265630364,1.141124636,11.63069995,1.171099937,0.2456803445,0.1010717204,0.2029387874,2.555689933,1.109305565,1
0.4018147432,0.7039262075,1.022559694,0.7295302859,4.61E+00,0.002251814764,0.0001618520582,1.18609342,1.048972864,21.54839736,1.426260207,10.29425051,1.143626138,0.1117911843,0.1582214074,0.1767959042,1.430010536,1.167034033,1
0.4329284347,0.3720593172,109.9196183,0.7532411838,1.20E-01,0.03689855978,4.22E-02,1.162766869,2.588960679,18.06474497,1.275201171,14.93393408,1.318486438,0.06639241023,0.2824992093,0.291641471,1.626838986,1.024183858,1
0.6867066618,0.5987955832,0.7783187545,3.09E+03,1.15E+22,0.002267480856,5.30E-05,1.045890627,1.007896089,11.46998906,1.212030351,11.99794685,1.148656161,0.09068319697,0.1101572764,0.1294756331,2.024237851,1.467930104,1
0.4126279731,0.5724597127,0.6550905268,0.8624893972,26714943269,0.001796731391,4.29E-19,1.180967222,0.9599985467,20.69098675,1.380141879,11.96337294,1.102775137,0.1720482182,0.2423874608,0.1257006711,1.55087495,2.080294377,1
0.631100916,0.4578032432,62.90172453,539005863524,0.1234448915,0.01323184475,0.0136559699,1.073857325,2.356348087,12.06954988,1.191636925,13.58016811,1.282944736,0.0681260127,0.3054771124,0.2749043798,1.565661814,0.9230645484,1
0.6969359316,0.4371919087,2.321262479,89266554465,0.2699354678,0.005239351675,0.003078082508,1.041695579,1.404616848,11.38657412,1.233128055,17.42074295,1.272969774,0.2250268312,0.06727288633,0.1922752598,2.352331953,2.585330342,1
0.3780314361,0.4719701264,0.6432779169,0.5638039131,8.704104621,0.002946914193,7.76E-04,1.196086654,1.017666221,22.40941855,1.415012876,15.46232975,1.193469795,0.07045281497,0.09027115151,0.152195586,1.869984966,2.67636685,1
0.4096682603,0.4830689335,0.655198429,0.7910455928,1134452352,0.0023364197,1.44E-15,1.180967222,1.019133231,21.2521117,1.438050168,15.18204022,1.200778691,0.1336427696,0.10313514,0.210156917,1.251959861,2.403101324,1
0.4330403645,0.3720593172,109.9196183,0.7551972681,0.1197173282,0.03689855978,4.22E-02,1.162766869,2.588960679,18.0669654,1.275289138,14.91435867,1.31567849,0.06643296737,0.2823545952,0.29159627,1.626691492,1.033570121,1
0.6290673072,0.4447780671,0.5581880028,3.063039381,99890878876,0.002335808245,1.38E-16,1.067250207,0.9878449162,12.68180314,1.242986804,16.21192318,1.182494171,0.06819732552,0.1050842456,0.1221377399,1.71224885,3.267237327,1
0.6986956496,0.556068122,0.7304863199,134.1011676,38313969190,0.007807752697,0.006571171063,1.039991646,1.009464099,11.22701834,1.20585158,13.09389122,1.170609804,0.09567413049,0.1098738809,0.1350126392,2.097897202,1.66912297,1
0.43905023,0.7891613952,0.9784062559,0.6101143933,4.08E+17,0.02286585898,0.02469940417,1.15084341,0.9934416656,18.65707421,1.333018619,8.934246939,1.104655303,0.06531103132,0.1891771251,0.2170375721,1.339549091,1.520654074,2
0.5583745681,0.6239706948,0.8691880723,2.04E+32,306245897454084,0.02338880545,0.02572429796,1.110101592,1.034319091,15.11981637,1.302215842,11.98573762,1.184314532,0.2006391051,0.07845208697,0.1489750707,1.254604989,1.070365931,2
0.5784512674,0.5544289776,0.7946488388,1.65E+24,287853649764974,0.04981019104,0.05791746308,1.096447016,1.041148447,14.98153828,1.337704872,13.51181852,1.186575613,0.1829732469,0.1662532903,0.2134197503,1.657417061,1.657188515,2
0.5890339492,0.5323657573,0.7434778791,3.80E+20,7.69E+21,0.004943583672,0.003421983938,1.093001719,1.029692307,14.04488519,1.28752709,13.90550141,1.204410993,0.102487738,0.1893528812,0.2412968003,1.527948903,1.618819375,2
0.5766898613,0.6039260048,0.7726925561,1.41E+14,1.36E+33,0.04901580356,0.05664480272,1.097962936,1.000896021,14.87852362,1.319874977,12.09636921,1.157476018,0.1918876247,0.1313140337,0.1625156493,1.482211152,1.396660064,2
0.6928252333,0.4866792192,0.8097041035,1.07E+01,4.34E+00,0.01350653586,0.01401491641,1.040501151,1.086173286,11.12630983,1.192243705,15.78093005,1.232849715,0.1527115754,0.1267618983,0.1601437007,2.024710286,2.243546488,2
0.6595283423,0.5346827558,0.8580332785,1.88E+42,7.42E+35,0.05784574534,0.06683519167,1.059916118,1.082539381,12.43060697,1.24728434,14.88927145,1.253731551,0.1697937583,0.1995893547,0.163539022,1.897177735,1.451347919,2
0.4250584146,0.5936625316,0.8595533655,0.5686672758,13.83956912,0.0100420981,0.00983329563,1.157564368,1.041803039,18.56386046,1.297171116,12.30277798,1.168946973,0.0970391714,0.1363581039,0.293849348,1.598897352,1.344839412,2
0.6276716408,0.6799410309,0.9365499111,874826944583,31.18826989,0.008049506509,0.006753985592,1.072398486,1.030223664,13.37747537,1.303814332,10.68826744,1.151617227,0.2152004282,0.1263849701,0.1908271571,2.088135589,1.115702781,2
0.6212012884,0.7156420376,0.8906468728,9.55E+01,1.41E+05,0.006073647245,0.005171757625,1.076057402,0.993801346,12.93116281,1.235224135,9.741589083,1.104924005,0.1655817266,0.2052818832,0.1586332277,1.519945281,1.395255992,2
0.5857151506,0.7020566052,1.00190043,89304597782,8.508333082,0.005798159693,0.004490209772,1.095589056,1.042116719,14.12625321,1.283074345,10.46402952,1.1629273,0.139933367,0.1265698382,0.1659292243,1.442044722,1.141458432,2
0.3971039304,0.3871024564,4.248416542,0.6532455393,2.16E-01,0.081213921,0.09442707448,1.185856794,1.623651315,22.07205855,1.449148446,24.22217741,1.549764939,0.1066598575,0.27940928,0.1752682542,1.402997897,2.402401492,2
0.5696930359,0.6157024214,0.7418497738,3.581839005,1.78E+06,0.01077644169,0.01011095373,1.0995223,0.9823045065,14.81468241,1.313710559,11.47196509,1.127222527,0.1370480989,0.1831210382,0.1656307222,1.452317987,1.525793766,2
0.7236190088,0.4928411893,0.7712563805,3208794610,3101.628737,0.05819278733,0.06675561957,1.030120493,1.07076251,11.0343055,1.212326621,16.38024757,1.285036251,0.1249073197,0.2005198201,0.1896318874,2.290209882,1.818432477,2
0.6683826204,0.6226378548,0.8474475721,16.04311444,39.34389226,0.05236449003,0.06139320438,1.049089453,1.020487569,11.9464767,1.222110057,11.86525423,1.161588401,0.09361551411,0.1036434581,0.2989936182,1.87031074,1.260492854,2
0.6706301748,0.6671998214,0.8627879187,23.4676642,459031887.1,0.003587349674,0.002352596285,1.050643702,1.003904654,11.34269771,1.170776871,10.55570453,1.121524536,0.2356463909,0.1793884241,0.2601393384,1.723049193,1.368602033,2
0.468596737,0.7512874871,0.9308130763,0.8631179907,1667173607,0.002539476653,0.000454041524,1.142450331,0.9948301882,17.72305434,1.333088486,9.257605874,1.099385573,0.08269574182,0.2156847882,0.1338280108,1.190574528,1.440943987,2
0.6705898497,0.6681435913,0.9024225523,33.47030735,40.04241115,0.009552553289,0.008743815497,1.052238183,1.023064846,11.88482061,1.229270296,10.90564949,1.150340454,0.06995141014,0.1008435158,0.124798345,1.993091238,1.155076915,2
0.5598943922,0.5889400242,0.7831780299,1.629101367,4.05E+21,0.06777531057,0.0787727019,1.097440312,1.01520277,14.92374573,1.300164345,12.81969106,1.18994232,0.1050044724,0.0903579778,0.197384856,1.298289514,1.302593062,2
0.6204209068,0.6810484488,1.009949925,1.01E+15,2.40E+25,0.1035804387,0.1234085353,1.074166509,1.054911127,13.67697922,1.289836976,11.55806613,1.203466276,0.1493719481,0.1402658076,0.2493258543,1.724239178,0.9791227978,2
0.6817649969,0.6333440402,0.9675235675,1.05E+15,4.04E+24,0.08124044763,9.44E-02,1.047497052,1.067696077,12.39474674,1.283055162,12.62766135,1.232979556,0.122686781,0.1739661814,0.1726711859,2.404156317,0.9081101326,2
0.5116199905,0.4967889751,0.6654622181,3.53392094,1.84E+15,0.01495361813,0.01563514755,1.131274579,1.01392378,16.6916011,1.335874886,14.76234799,1.195052802,0.1773144506,0.1087219457,0.1777699526,1.119014227,2.251924441,2
0.6776881453,0.5646485346,0.8764291389,1.672161414,9.38E-01,0.01031010091,0.009595210782,1.0348824,1.040259876,11.08424545,1.168935485,12.28013268,1.111613397,0.1948567028,0.1930638244,0.2990878406,1.827347179,2.108156219,2
0.6048526324,0.8072645233,1.318073636,2.02E+00,4.74E+00,0.005838896068,0.004711207391,1.076220148,1.091106235,13.1079809,1.248459768,9.35094252,1.156841187,0.09037291488,0.1780114591,0.1422227407,1.566217468,1.546724822,2
0.6218039589,0.7028120025,1.058275896,2.91E+24,5.14E+22,0.002471934465,0.0003467227369,1.07739643,1.064013048,13.01042725,1.258348967,10.97267484,1.208125352,0.08585401577,0.1889941844,0.2328828926,1.719069374,1.153107874,2
0.604077641,0.4587617082,0.749040888,4.995469965,90514585917008,0.04949948549,0.05688087393,1.082004448,1.082757037,13.70020744,1.280030558,17.60763311,1.304866457,0.0949202557,0.1996939279,0.1397793703,1.609618941,2.208998589,2
0.6695583607,0.5515701771,0.7356591394,188955454560866,1.36E+38,0.03654904119,0.04139511696,1.052460965,1.01271328,11.94370416,1.223866025,13.51122202,1.193909,0.1094043179,0.163188641,0.1625206548,1.891226652,1.561684604,2
0.6648636969,0.577770597,0.726413237,8.31804709,8.59E+15,0.003063032895,0.0008157168688,1.052995912,0.9948495583,12.00788162,1.236590814,12.29374045,1.139863453,0.1035290545,0.1390109456,0.1262131469,2.017107491,1.703581043,2
0.4952949186,0.7027847362,0.9487077263,2.12386607,8.292490547,0.005186581293,0.003411903495,1.139932544,1.022115646,17.05519477,1.32529128,10.36118252,1.159864692,0.2078968992,0.220560187,0.1720318019,1.139702812,1.158857318,2
0.8037101955,0.6636813541,0.976399784,16819.36681,3970994.089,0.02216201919,0.02370153827,0.9949041677,1.054836383,9.259932972,1.14348062,11.60094775,1.193758276,0.248776608,0.1480765239,0.2010537452,2.582698835,0.9809670677,2
0.7522915466,0.6743706407,0.8328425036,72905775218,115227337115,0.01255365346,0.01193128198,1.014812031,0.9917475448,10.31524651,1.196361169,10.49942473,1.117565509,0.2123978049,0.1723091226,0.2215250046,2.493381627,1.396557923,2
0.4074671075,0.6357459917,0.7659351105,0.5078211502,32344.24147,0.007031532737,0.005113768266,1.166926171,0.9818599908,20.03641566,1.362346206,11.01751114,1.116236703,0.1637124028,0.1709087731,0.2175292486,1.498660872,1.516860821,2
0.5923575048,0.4555915728,0.7753134382,4.95026785,10.53336895,0.08307221973,9.79E-02,1.086281591,1.094084851,14.26283414,1.302085394,17.84942422,1.302622222,0.1108219351,0.1990759949,0.1800673493,1.579200844,2.375329336,2
0.6945538696,0.5115444765,0.6085513381,42.00166567,142.0984928,0.004576267853,0.00260827466,1.040263638,0.9677647365,11.27554998,1.204453449,13.77204189,1.147757226,0.09142987933,0.2165160225,0.1645385802,2.056501488,2.421750921,2
0.3949949802,0.6256415897,0.971879673,5.48E-01,1.48E+01,0.09237594975,0.1075395662,1.180607603,1.072928621,22.14031528,1.448103095,12.69448312,1.223212983,0.1082946302,0.18844281,0.2336151561,1.437120529,0.9414411879,2
0.7856912678,0.7141600781,1.004086519,8.09E+54,284238499468304,0.002475829706,5.89E-05,1.001628766,1.039759077,9.441278942,1.147664703,10.36348758,1.156545313,0.2377200966,0.09657722762,0.1762916112,2.51619657,1.151631659,2
0.6497121829,0.8418840851,1.625844255,627722309121,0.785992589,0.01756731605,0.01890297978,1.061450395,1.123287569,12.37919223,1.234889643,8.522627152,1.114653206,0.09206036731,0.1695221562,0.1803463696,1.775943024,1.727833943,2
0.4095939663,0.810557265,1.274777623,0.5445708994,9.17E+16,0.04837431958,0.05534726154,1.170265545,1.082707637,20.36868211,1.375839133,9.667475172,1.181063976,0.05793056875,0.1935532454,0.1539875249,1.486172577,1.518998291,2
0.6055771408,0.5817399283,0.6927372601,1.11E+91,1.22E+86,0.009389478202,0.008609067898,1.084122484,0.9744279548,13.9035885,1.29917822,12.02605343,1.125166934,0.1389901777,0.1939440106,0.1313019978,1.723408617,1.77630609,2
0.6950870717,0.7040991204,1.119019269,2582321363937,558391321823,0.02171361493,0.02358260599,1.041278468,1.082154767,11.2553654,1.206851671,11.2202825,1.217009605,0.1315209229,0.1776524703,0.1743880716,2.095230786,1.099630377,2
0.6419685206,0.5083503304,0.7025605139,1355209.717,18.42088056,0.008521061782,0.007290051793,1.066700219,1.0257553,12.91823043,1.284228757,14.47126219,1.194582055,0.1375659572,0.08316559852,0.1585974076,2.095547654,2.084362899,2
0.6776565656,0.363831927,4.741504208,6286818513,0.198916436,0.02989480435,0.03309972853,1.050759304,1.668758687,11.61899948,1.223327219,23.94240879,1.511541751,0.08879802711,0.1690645101,0.1721322907,2.07368716,2.748229615,2
0.4749520043,0.466828322,0.6616897116,0.785761747,684269661.8,0.01811279469,0.01902077637,1.136324221,1.034343709,17.25133589,1.32185608,16.08918912,1.218842954,0.05871950352,0.08240255975,0.1221271069,1.185014002,2.639985714,2
0.6092461517,0.3910892656,10.45828129,2.616117118,0.1553810322,0.01191824899,0.01204836629,1.075325388,1.869048076,12.5433714,1.198723366,17.45050792,1.21158263,0.09632592399,0.1323589336,0.243262675,1.464555282,3.515987606,2
0.5863931489,0.8267576741,1.087957705,0.7676591905,93.97894013,0.006145655946,0.004414492376,1.070348803,1.016942473,12.60287848,1.166708677,8.837063065,1.131824388,0.2257305806,0.1766043309,0.2347985763,1.450747155,1.656800228,2
0.7488702745,0.6069834726,0.8499190494,2979.682736,35658379623,0.03559234722,0.04005175897,1.014587095,1.03291779,10.30886575,1.190453859,12.39123378,1.183428705,0.1993150898,0.1068819338,0.2137823267,2.426257669,1.204931662,2
0.5439346963,0.4786130072,0.6509339755,2.076145866,5.266941551,0.004150565095,0.002256590638,1.10989536,1.014630822,15.41351154,1.315239942,15.14108386,1.185658761,0.09282413431,0.1124227651,0.1524741562,1.266751904,2.618100207,2
0.5734746412,0.6737319841,1.19404535,4.246934347,1.350176251,0.002303293063,3.37E-05,1.096952724,1.103081483,14.42071773,1.30257652,11.02898823,1.181475209,0.1063985942,0.1546378574,0.2494614777,1.517579246,1.062207633,2
0.5087550749,0.6374639293,0.7867788238,1.332466365,16557.60919,0.009837977394,0.008643355682,1.124278545,0.9896006777,16.8304427,1.360999458,11.11145085,1.133465117,0.1558388645,0.1906108878,0.1246810091,1.196273544,1.366567897,2
0.7299902232,0.5393986753,0.7200297399,5.77E+30,3.56E+15,0.05263808693,0.06069495707,1.023456528,1.013635507,10.93893962,1.214177312,13.85295905,1.187848423,0.1388592703,0.1005417177,0.2310202042,2.376580944,1.820928727,2
0.5810938318,0.6994664718,3.10718092,1.304053912,0.288497493,0.01828887976,0.01948668243,1.084192376,1.356174654,13.23930712,1.204289661,10.32072256,1.154438746,0.1581435633,0.09126547426,0.2355224485,1.345816055,1.1708169,2
0.4945182162,0.7796750204,1.209943596,6.805312079,3.193630311,0.04557675104,0.05236186454,1.144032,1.069528658,17.48846556,1.343020292,9.873543985,1.184784638,0.2703674362,0.07115758027,0.1339278574,1.110979988,1.449239976,2
0.6870289653,0.6765558401,0.9568130626,423767544615,7.962121671,0.003047811889,0.0006117454532,1.045134386,1.037653937,11.58346664,1.230562681,10.85164993,1.160653184,0.1257769118,0.1272369412,0.1270568656,2.193492061,1.08653842,2
0.4701390465,0.6760083919,2.001010594,0.9892582013,0.4119040931,0.0390128645,0.0440819029,1.144216355,1.239924688,17.70191448,1.321096159,10.95388348,1.179219701,0.1311538272,0.1968515187,0.1813582915,1.242653156,1.075220056,2
0.6578978057,0.656099702,1.115177087,2.45845843,348615467.6,0.004748552555,0.003674917418,1.050822384,1.104519554,11.43941683,1.180850258,11.91140448,1.212328774,0.2105832786,0.1865964429,0.2468279626,1.765127276,0.9455582631,2
0.4912619239,0.5944710282,0.7111038995,0.5878344805,7.68088806,0.02481832811,0.02702984257,1.118656988,0.9699674903,15.76176923,1.227054484,11.90134461,1.133187057,0.232207143,0.2370697563,0.2863972888,1.463563419,1.619060311,2
0.5064085324,0.6748897882,0.9434426272,1.185206339,2386332.924,0.002712639919,0.0005538744742,1.124887737,1.036575625,16.26300545,1.313078316,10.93232292,1.168266867,0.06361339927,0.1329218231,0.1599643089,1.132986784,1.065763157,2
0.6327205898,0.7599176165,1.046322656,1.49987157,513.3371175,0.01057099566,0.009878158353,1.056670267,1.030764865,11.95869268,1.188309965,9.663719007,1.148702379,0.1736974746,0.1968432712,0.1888566798,1.592023328,1.362262113,2
0.7141872245,0.5788993693,0.8522106784,33949.38638,25.77745093,0.02012725919,0.02133479331,1.032921226,1.049637781,10.85916767,1.191219733,13.26043032,1.222976946,0.1447108725,0.1990554784,0.1278842644,2.160993781,1.101714685,2
0.7551476556,0.6688951133,0.9465231073,269.097114,19.88332428,0.01764669528,0.01811934852,1.013193243,1.038286073,10.09058538,1.17885749,11.19307689,1.173270305,0.1977640721,0.1280889355,0.167848169,2.441239727,1.043476044,2
0.5568972063,0.6299553834,1.047066335,195.8098059,2.51E+00,0.002829096964,0.001077258547,1.111912998,1.089676693,15.19537179,1.314671041,12.08399235,1.207389642,0.1628373142,0.06656194618,0.2469116785,1.333181342,0.9594929554,2
0.3364083619,0.6813002383,1.022236581,4.08E-01,4.11E+03,0.007449753907,0.006407741182,1.213496674,1.062351824,24.18677003,1.401843718,10.93243453,1.166569744,0.116980948,0.08248734326,0.1801456908,2.662843789,1.065684817,2
0.7089275296,0.5290029053,0.7303760359,2249710.585,1.61E+03,0.01426133737,0.0145315651,1.036362748,1.030122783,11.18020129,1.214680646,13.90620298,1.172188732,0.08347230826,0.1976893268,0.1803164211,2.229759759,2.101558552,2
0.5430947583,0.3238163223,50.48813249,12.82685862,0.1219553625,0.087737274,0.1035758521,1.115657539,2.3897267,15.34100773,1.287123513,21.97585239,1.471318135,0.2206274089,0.2973622235,0.2012849024,1.16058725,2.357723011,2
0.6817148248,0.7641352027,0.971508811,2.286526035,186.0176815,0.01129080473,0.01045111571,1.038814423,1.00492675,11.35736836,1.201124182,9.365291691,1.116741909,0.1443982796,0.1519896251,0.2460056876,1.983209338,1.379911696,2
0.6603361947,0.4592221287,0.6699926167,2.357010346,164217.2705,0.004085933255,0.001894517346,1.049385685,1.043500645,11.65446792,1.207903556,16.51445174,1.236316324,0.1715301527,0.11679519,0.1254739818,1.900131247,2.615812309,2
0.6326425616,0.805550662,1.111541862,6.617677127,13579.95036,0.01257482584,0.01320207271,1.067449915,1.034207949,12.56260336,1.227799694,8.931256344,1.115451299,0.1146325141,0.1949510571,0.17280886,1.627530069,1.543198039,2
0.5074888399,0.5183988537,0.6226495467,1.200146711,276557000.7,0.003432022992,0.001382862089,1.125188104,0.9762157621,16.40091983,1.317174581,13.63351066,1.14713061,0.09537374516,0.1461725328,0.1378020705,1.126391778,2.348758055,2
0.5741758846,0.6400442896,1.103405597,16818036175,1.653546102,0.0116104976,0.01146094046,1.103049553,1.098951199,14.67497842,1.307498764,11.85822578,1.196188092,0.1651407084,0.09569167404,0.2160468723,1.450178435,0.9869379442,2
0.4986397456,0.9643448602,1.444821344,2.78321478,872629507427,0.03195829891,0.03616123994,1.138337035,1.067587003,17.18156028,1.341821105,8.117871014,1.167128557,0.1973257225,0.09018214407,0.1528190743,1.10410771,2.303793153,2
0.7002232376,0.5971819262,0.8092155256,9398215685,3.91E+00,0.01250277364,0.01203603379,1.040743051,1.018650728,11.41763568,1.222781511,12.08233556,1.148293153,0.07652513082,0.1309051642,0.235753484,2.191076684,1.505378553,2
0.4156506843,0.7823986306,0.9781011618,0.9341135142,4870646.88,0.03065261966,0.03430029105,1.179283398,0.998010334,21.20814485,1.423929016,9.110476771,1.114709847,0.1811281191,0.1987859474,0.1258374341,1.331846575,1.470114564,2
0.4739766396,0.4987131109,0.568296904,1.106938346,112819758151,0.04458054688,0.05061400322,1.143620744,0.9542607212,18.24572321,1.368508133,14.35703466,1.158966832,0.1542164578,0.1522435818,0.1896429076,1.096806871,2.587518522,2
0.5344933192,0.5660017768,0.7459854847,10.99468426,2916920.809,0.01720140225,0.01861192738,1.120032019,1.009509148,15.84448723,1.312927764,12.78510183,1.164539893,0.1857278779,0.1426770273,0.2308296523,1.154128932,1.605381534,2
0.39981903,0.7032869171,0.9843470874,0.3957622035,3.948712387,0.006895291266,5.51E-03,1.159362321,1.028938985,18.77287821,1.244610672,10.09779011,1.124222131,0.1892965287,0.1511240451,0.2411516574,2.220065003,1.265174156,2
0.7601822318,0.6034129622,0.7016631039,13032367792038,2.65E+16,0.003649454234,0.00135794005,1.010184107,0.9637458436,9.972652023,1.169886174,11.50640235,1.110876603,0.183237438,0.1871489039,0.2495447017,2.416431376,1.74344343,2
0.633686627,0.5072754108,0.6445174475,8.65E+19,1.50E+16,0.0471378334,0.05475061063,1.069355658,0.9951160727,12.92762653,1.250785481,14.37141136,1.167630023,0.1455430815,0.1589037804,0.1807348293,1.666599066,2.455719809,2
0.6473571467,0.5240458338,0.6169923207,2769015800,2.80E+24,0.0531294921,0.06177660641,1.063222992,0.9670285423,12.59033059,1.2363845,13.77344581,1.154817139,0.1906530558,0.1521653953,0.2339844469,1.679557023,2.304439895,2
0.3695587388,0.570281148,15.55005176,0.7101001092,0.1548881121,0.0302120353,0.0336639482,1.209612789,1.881856129,23.29047545,1.421804079,11.98523864,1.197348375,0.141850603,0.1956988744,0.2395070434,2.129792294,1.004618706,2
0.599248647,0.8885124021,4.318098775,2.464106388,0.2931037354,0.02855020843,0.03201652037,1.079728753,1.391759617,13.0957559,1.232337546,9.022196922,1.221826906,0.08047174518,0.08622341089,0.2000312213,1.459388584,2.376347722,2
0.5131414376,0.5722612708,0.987295411,0.8098265232,147444929175,0.1213948947,0.144130372,1.109578155,1.104338135,16.25014083,1.319909956,14.74340032,1.304205347,0.07966868968,0.3315493041,0.2223672336,1.130433807,0.911392488,2
0.5114079719,0.621796805,0.9277868059,1.443017492,363.9122613,0.03078752064,0.03472959817,1.122666238,1.056629655,16.38811539,1.326978041,12.23574805,1.200459697,0.08366941579,0.1021961203,0.2309382252,1.129099374,1.009064836,2
0.6709120293,0.4921060052,0.6513185879,8.55E+01,17010217.67,0.07496334329,0.08812702427,1.04964067,1.00640236,12.30069883,1.253034269,15.42472095,1.215331569,0.09584685391,0.1068672331,0.2491304375,2.04302626,2.304898846,2
0.5904244988,0.5939258751,0.914347485,1.025824699,2.229886016,0.006225021087,0.004962311366,1.074585984,1.058145336,12.82357635,1.195148095,12.30311792,1.160700165,0.170024841,0.09860552561,0.169902269,1.408982025,1.449495089,2
0.6791294854,0.4439981803,0.6709154082,74.95566522,56408833822,0.04520769565,0.05133467285,1.047941371,1.053296315,11.92613506,1.243706443,17.7937243,1.289101269,0.07870390266,0.1908132703,0.1214923032,2.156949816,2.545226945,2
0.6466895462,0.6666199574,0.946595269,10543722289959,1.45E+16,0.008478590479,0.007981184572,1.062755406,1.039833557,12.28379539,1.229289681,11.00968026,1.159517867,0.08164512455,0.1057355923,0.2576127861,1.77442939,1.096653902,2
0.6275478631,0.5350887036,0.8755243382,44274.33084,1136911.912,0.0196667798,0.02129891138,1.073736815,1.088486856,13.13901233,1.278014532,14.56632814,1.242218043,0.06605296443,0.1373727313,0.2083134025,1.88584949,1.444332093,2
0.5521515656,0.5095696447,0.7879702285,8.372766518,1.241607729,0.03647475271,0.04123125906,1.109073384,1.043365755,15.77985256,1.344578213,14.1368918,1.171768478,0.1869801198,0.1839967305,0.1820009826,1.376576611,2.249701423,2
0.396654442,0.3871024564,4.248416542,0.6538708731,0.2161865772,0.081213921,0.09442707448,1.185856794,1.623651315,22.17683825,1.457265393,24.17690014,1.545577766,0.1185559727,0.2807505834,0.1676565075,1.367442809,2.431442571,2
0.4629601912,0.8553981111,2.826794966,0.7898564165,0.4128970733,0.002131653024,6.50E-05,1.144339235,1.28400985,16.99536016,1.274926325,8.92486607,1.192739967,0.09204428389,0.1621844934,0.2660222106,1.381840809,2.058960458,2
0.6158791937,0.6207540286,0.8062854991,27153861042,872673946953,0.007775165747,0.006679850304,1.080490178,1.009966628,13.52955189,1.284335749,11.61960261,1.148459685,0.1190102142,0.1297288297,0.1457782493,1.741868267,1.33271681,2
0.6110419654,0.5434221271,0.7110948838,5.152967231,7606017728145,0.02532815017,0.02774107814,1.078850282,1.007186198,13.35460418,1.258816249,13.5574326,1.185130177,0.1223788376,0.1261250876,0.120558548,1.539237774,1.701079937,2
0.6498353746,0.6196357564,0.8149239966,691717883642,43032655691,0.003122070205,0.001213683386,1.065135887,1.015311163,12.41925751,1.237547966,11.7135871,1.152937188,0.1560065387,0.1181592416,0.1955687997,1.784633747,1.310984655,2
0.6620068718,0.6724902969,0.9710946399,95014.75737,9.942601758,0.03696776006,0.04262466607,1.054624914,1.042769166,11.99637303,1.218310745,11.07215082,1.162873159,0.1159141487,0.08786667557,0.248115375,1.81213503,1.08252751,2
0.417298392,0.625649435,0.8447664597,0.6894894594,4.396479255,0.006890933039,0.005341458751,1.173081253,1.016589871,20.16484976,1.372949118,11.4532298,1.148938184,0.09428709658,0.1823004933,0.1391355659,1.441318924,1.288003163,2
0.6814563456,0.8963174112,1.798019511,3.642846597,7.40E-01,0.009100440492,0.00848964949,1.039956748,1.135634503,11.24908163,1.190295623,7.938334497,1.102349061,0.1543684128,0.1723246742,0.2297778493,1.937329554,1.943529412,2
0.5468912483,0.316503759,249.3332747,217561145046602,0.1112970602,0.0350610612,0.04028781023,1.117142286,2.881636862,14.1159061,1.212779073,15.2964861,1.3130306,0.1941913329,0.3225893162,0.267164834,1.337799186,1.178035335,2
0.6483835996,0.5326279532,3.215738782,7.30E+19,0.2576527524,0.03075034547,0.03446974036,1.064565852,1.447564405,12.33876831,1.234255199,14.98661437,1.295687903,0.09491624212,0.1218581854,0.1444514786,1.794104926,1.050833751,2
0.5096340635,0.5984076783,0.7865892467,0.7787315604,42278205.46,0.002731701674,0.0009553607435,1.112856597,1.013277152,15.45513645,1.264405231,11.79321705,1.120521473,0.1061027807,0.2280110647,0.1516743832,1.240355067,1.73716896,2
0.7518620886,0.9596106875,1.194522491,17.22041958,63.82735306,0.003076935459,0.0005881030493,1.012725109,0.9965776857,10.08469417,1.16988997,7.240776007,1.083049357,0.1705207559,0.2250204917,0.2712598698,2.35265717,2.210367619,2
0.6291454012,0.5623630966,1.611178375,4.039630373,0.4965107619,0.06618457803,0.07698541205,1.067710839,1.237871017,13.07503039,1.268310043,14.27346793,1.265803848,0.07643703397,0.1424167267,0.1363772873,1.800994327,1.060297257,2
0.5155789979,0.6558799575,0.9762342705,1.34E+00,29.46354661,0.08635618803,0.1017712003,1.11779645,1.05402424,16.63338158,1.345430557,12.09587581,1.229608646,0.1049671167,0.1923700982,0.2282958066,1.15580492,0.9286824091,2
0.5488357344,0.5458277984,1.898895073,0.7430501235,0.3601352571,0.009109612155,0.007949168171,1.088603549,1.28608335,13.63372652,1.202211501,13.73420624,1.211719526,0.1984994631,0.05548249494,0.2117956781,1.357220864,1.438176409,2
0.605841359,0.6939521876,0.8667601113,2.85E+00,2.73E+04,0.00386473074,0.001800693157,1.076973638,0.994967121,13.45332691,1.273133667,10.06439922,1.111999757,0.121267643,0.1889804121,0.135496935,1.656152697,1.372163817,2
0.4554587316,0.6589143781,12.87116324,7.98E-01,1.69E-01,0.0251261346,2.80E-02,1.148341009,1.787271337,17.32283687,1.274285842,10.77820746,1.214343932,0.06439177044,0.1741340523,0.2779395178,1.448322719,1.270228483,2
0.4503789774,0.6316696992,0.7989165536,0.8251455176,3.28E+01,0.05189835044,0.06032514242,1.150593355,0.9958733994,18.96732662,1.372047267,11.39866991,1.134689263,0.105451201,0.1674967637,0.2204565359,1.180648853,1.41870152,2
0.4144945401,0.5840948467,0.9129719597,0.4582072172,1.80E+01,0.03235619579,0.03611800946,1.155464343,1.071133883,18.73827707,1.290769791,13.25010839,1.219690122,0.1715927802,0.1509616001,0.1494471143,1.72130023,1.129907334,2
0.6008743014,0.5497945758,0.7188901731,2.97E+00,8.35E+09,0.03068150835,0.03398774741,1.080739859,1.009705386,13.91652693,1.300466984,13.29141531,1.165563441,0.1253763531,0.1485423771,0.1314834952,1.73458729,1.833766083,2
0.493945369,0.6123144646,0.867225662,1.046940917,634.267159,0.09392906545,0.1111029459,1.127391046,1.037776374,17.48117855,1.362697229,12.56153875,1.194979097,0.1112161411,0.1314556556,0.2216974811,1.108393785,1.13406693,2
0.5211846731,0.6383543636,0.9744726555,230648738915020,6.042500325,0.036646609,0.04169372128,1.130464359,1.063711326,16.63200226,1.340844178,12.04415348,1.206464463,0.2412780871,0.07247976854,0.1693873064,1.134269724,0.9603323622,2
0.4313703138,0.6475248149,0.8886312061,1.12619769,2.32E+17,0.05979976923,0.06884752477,1.170031832,1.028799864,21.35678861,1.492985155,11.65546824,1.184306613,0.2690870414,0.08363618436,0.1282838558,1.128691103,1.024679896,2
0.6045080243,0.6232084457,0.8713734938,27.79239111,135034908.5,0.02658435584,0.02975677432,1.084553226,1.035023321,13.59856438,1.266004249,11.91750081,1.172304273,0.1443784101,0.09245184545,0.1314916332,1.498419639,1.164774189,2
0.7448175059,0.4944735165,0.6066119544,524.0780148,554121.8272,0.008585615088,0.007548049382,1.018855046,0.9787531335,10.09207831,1.157506916,14.51902197,1.169079693,0.1852886486,0.1968358773,0.2077255214,2.224966822,2.52135221,2
0.4937877468,0.1548566554,1213.697063,1.658307678,0.114895605,0.1230034785,0.1455747568,1.134461512,3.599179801,16.27223043,1.273453253,15.39486406,1.315539497,0.1806913688,0.3320867736,0.2969279719,1.285926045,1.434278995,2
0.7713407582,0.6354408734,0.9129583467,123266929885685,30578444521462,0.005969083568,4.32E-03,1.005846667,1.044280183,9.669217262,1.158659378,11.69330835,1.169698569,0.2495804111,0.09862468647,0.1644261682,2.49115347,1.137356265,2
0.7070808821,0.5440522596,0.6978659045,233.643302,26.31996564,0.07992457866,0.09439764375,1.032304878,0.9956140573,11.45061861,1.225056733,13.7124167,1.184379114,0.08866338892,0.1056364329,0.3273302171,2.201727934,1.790997178,2
0.5869611447,0.6246661183,0.929528808,1.73E+29,1.05E+01,0.00648992377,0.005368491208,1.094784885,1.054675603,13.98356335,1.275671617,12.05579873,1.201171967,0.1325853523,0.1698580424,0.2157789533,1.430333702,0.9822142771,2
0.639980465,0.5098905902,0.5945664488,4.971749809,183.4249238,0.01519191947,0.0155499016,1.063558302,0.9639604336,12.64729523,1.248376732,13.80973087,1.137518654,0.07988776153,0.1740989589,0.1511782305,1.794391163,2.611884674,2
0.7473319737,0.5821385983,0.7489159366,2.68E+25,5.92E+25,0.002691357788,0.0006707058346,1.017394355,1.003008378,10.0879996,1.16525371,12.25708983,1.137421147,0.170506894,0.1414778895,0.1851155808,2.306800577,1.716503585,2
0.5968393009,0.6529254663,0.9334404404,3.16E+29,2.22E+22,0.002394749455,8.07E-06,1.089673799,1.04435352,14.07233457,1.309507212,11.48176704,1.192976215,0.1174303866,0.1694363083,0.233019772,1.768786324,0.9994801577,2
0.5401896661,0.6055742945,0.8152767328,22082169788057,6.58E+32,0.04330162045,4.96E-02,1.119387153,1.020857929,16.00483207,1.327872812,12.38215504,1.186366805,0.2390824868,0.08682894812,0.1288802444,1.186185509,1.164846531,2
0.3789793314,0.6982580081,1.142055482,0.5319294817,1.53E+22,0.04775026254,0.05490672092,1.191190336,1.092882343,22.44833984,1.422603475,11.33582469,1.209502713,0.070473153,0.1858125802,0.132352297,1.808015862,1.036533265,2
0.7130076502,0.7714442622,0.9549316685,6.92E+76,1.25E+80,0.004947073293,0.003104413099,1.033098905,0.99450713,11.05594272,1.206887423,9.10217555,1.102217481,0.08924813362,0.1942030445,0.1870682046,2.20362832,1.46376844,2
0.4607499482,0.7328953982,1.016819847,0.6189475419,3.417081679,0.004245917344,0.001435755568,1.136893838,1.027693424,17.44112746,1.318197126,9.743403777,1.132878747,0.1944700349,0.2185444049,0.2060518566,1.228123195,1.278469895,2
0.7001186571,0.8298016803,1.215985269,16.464034,73879251242997,0.01851556935,0.01969097805,1.036792538,1.054981395,11.02071169,1.189975237,9.193169431,1.169626815,0.1474744012,0.1682150508,0.1824728681,2.059906837,1.69499727,2
0.7086043114,0.6290648948,0.7218253402,742132850783658,1.13E+20,0.01862763554,0.01906869149,1.034250694,0.9617951051,11.44228339,1.238917793,11.13142175,1.114676376,0.1867372843,0.1958072851,0.2110581682,2.395475821,1.563725165,2
0.6698016014,0.9284841684,1.302480855,33.77054707,337666760918,0.04186775871,0.04787927251,1.052314858,1.042761117,12.09485237,1.238546136,8.121131175,1.136320659,0.08948091055,0.1376466844,0.1620336432,1.988040833,2.059717294,2
0.7796038901,0.4628465467,0.7275699729,139.540691,12.23660401,0.02163699557,0.02327145582,1.005672664,1.06833213,9.542685499,1.144133625,16.97202918,1.267418039,0.2471165586,0.1694884986,0.1550372434,2.413535679,2.404034398,2
0.5881430721,0.5957167116,1.576346051,362833760,0.4678604528,0.04423781726,0.05109085056,1.092751981,1.208417475,14.30474869,1.295803752,12.544592,1.183946533,0.1595169221,0.1515884702,0.1407369174,1.488149071,1.263102203,2
0.7762480749,0.5056798488,1.411530938,179823.9184,0.4485053447,0.002732881787,5.36E-05,1.004793747,1.219615135,9.528016409,1.150086684,14.68750626,1.213933252,0.2472790243,0.1119546292,0.1989936415,2.487703454,1.916856635,2
0.557709349,0.6231573697,0.7174476801,0.8441130293,25.33214233,0.007006355111,0.005335224607,1.084283844,0.9631187428,13.93249408,1.244823805,11.01626221,1.089752895,0.2451152431,0.2482596109,0.2468899093,1.292261714,1.820611573,2
0.6004546353,0.6775001847,0.8928258649,2.38E+23,1.22E+15,0.1133870326,0.1343564038,1.084827097,1.012526873,14.44451548,1.318492301,11.38980635,1.191843119,0.1993047466,0.1011118235,0.2305441184,1.682626929,0.9979542049,2
0.6514176615,0.486932094,0.9277108475,1.125058213,1.037091047,0.01795643158,0.01830271501,1.043586949,1.118926961,11.45494095,1.17740411,15.75307381,1.228665506,0.2464533568,0.1294476868,0.2529519204,1.729414066,2.291643892,2
0.7347332501,0.4840011532,0.5804335119,45762824.1,9199409.521,0.0133444224,0.0128734482,1.026420524,0.9738837765,10.55174437,1.18251599,14.98583771,1.179610592,0.1747757257,0.1285160628,0.2961725237,2.227366709,2.625693466,2
0.4786784368,0.547026442,0.5702748942,0.4508727159,8.274840682,0.2266567085,0.2733629253,1.103898301,0.9124359962,16.77956652,1.28755286,13.67392214,1.177354525,0.2053348503,0.1795431497,0.6226989248,1.290238425,1.870502772,3
0.4713177168,0.5777948654,1.332875654,5.34889447,0.536846825,0.001916537788,1.96E-05,1.156350284,1.160517338,17.9551487,1.330116561,12.08348066,1.147209629,0.2395789252,0.3244521607,0.3049297135,1.230944548,1.53043926,3
0.3581697834,0.4630592264,1.027760086,0.3059201812,0.4566040715,0.02050645381,0.02145071449,1.175491376,1.145425761,20.53010498,1.240288338,15.48364478,1.143780598,0.2426135129,0.324431795,0.4531598457,3.040127092,3.460696339,3
0.4855931674,0.4649475503,0.6602358396,0.4471252194,2.384583278,0.03377026547,0.03825209556,1.102319685,1.015148876,14.81875189,1.159920106,15.83673277,1.198807607,0.2839025669,0.2809070066,0.3933706547,1.743286352,2.802303518,3
0.4364366122,0.5966907224,1.844726112,0.6132708613,0.2789787241,0.006094285484,0.003373189814,1.156087759,1.224068104,19.82686233,1.420539573,11.04958018,1.055890548,0.1954682743,0.3272145579,0.5570945193,1.097096361,2.349255298,3
0.3266032328,0.4180120734,0.8941988588,0.3352847163,1.022787624,0.008018704452,0.008061695758,1.216607939,1.155845059,23.61924847,1.301606373,18.21822508,1.23593138,0.2194749289,0.2299167084,0.1503505219,3.602952049,3.543451918,3
0.5688186234,0.769819947,0.9131661528,0.5447806988,1.314688309,0.007770790639,0.006177672327,1.073643095,0.9573812421,13.06732615,1.160874451,8.768074869,1.061580911,0.3232601956,0.2964512145,0.5853964968,1.501333999,1.707164969,3
0.7057909944,0.7718272091,0.9554973036,0.8201492447,0.9206888488,0.02492121968,0.02613186713,1.007708255,0.9589679489,10.34276611,1.135704359,8.781065425,1.062240458,0.2798941063,0.318749697,0.6660380109,1.924287825,1.703408609,3
0.4705756779,0.715505736,0.7726445773,0.5890070784,2.101048381,0.02543488839,0.02736527925,1.130683056,0.9243234242,17.29594674,1.298735674,9.342901828,1.060876018,0.1217622024,0.3393727024,0.4320840516,1.299421975,1.766728491,3
0.4970269238,0.7945263831,1.299029662,0.4118461045,0.5424015566,0.02661686741,0.0284493542,1.103458024,1.039086885,15.16588341,1.186482404,8.443725263,1.058007709,0.3327725295,0.3462575755,0.6601778113,1.625919423,1.764384033,3
0.6354283267,0.4877998077,0.5548199512,1.214047119,1.987037409,0.009961975902,0.01067075435,1.043613902,0.9301713366,11.44251899,1.143271892,13.54312664,1.060567857,0.2638240767,0.3351542128,0.6484697618,1.611512073,3.722726174,3
0.3834923575,0.3767474365,0.8872383493,0.6251343384,0.5358915711,0.01297547276,0.01234003938,1.200330325,1.160552879,21.67452216,1.348416757,20.03412392,1.28941002,0.322705351,0.2914291179,0.329829842,2.258409577,3.717716632,3
0.5822630897,0.4840488497,0.6213056661,0.9918723173,0.6162571684,0.03115546569,0.03339616845,1.083724086,0.9545450945,14.00649755,1.259903977,13.94577405,1.087023825,0.200264794,0.2979941373,0.6505563072,1.330409818,3.515805438,3
0.3254396975,0.5193935466,0.7167996824,0.3635223083,1.346123148,0.001909946804,0.0008104242688,1.208558583,0.9989091795,23.6627499,1.323671975,12.62696427,1.058477166,0.1798253195,0.3217656226,0.6595832315,3.349494328,3.230927379,3
0.3633882581,0.4766354564,1.124201942,0.4276361195,0.4316319316,0.02938129141,0.03340092713,1.198176181,1.161030649,22.34165944,1.339853542,14.8148446,1.133765133,0.2034975758,0.2998372974,0.2149379841,2.600352423,3.255266391,3
0.4957338605,0.6264466339,1.517366659,0.3863102863,0.3920357524,0.01117182397,0.01065185819,1.094763981,1.155392894,14.33536292,1.125562094,10.72016207,1.078255871,0.3372089169,0.3162845268,0.4828344091,1.892497202,1.864156445,3
0.5227614259,0.4240893895,1.330811104,0.4994025491,0.3647260489,0.02136243771,0.02254255123,1.098371689,1.245928994,14.02229819,1.159182572,17.79281679,1.24687502,0.3314003605,0.06230137142,0.4448054846,1.619975331,3.164543027,3
0.4401953258,0.579360757,1.130431119,0.3662608625,0.4247348024,0.008199744669,0.007179058061,1.131374381,1.093888831,16.78383072,1.192023596,11.62168599,1.067550757,0.2450019434,0.3272819545,0.4712091021,2.004098008,2.46465384,3
0.3189728269,0.4185497287,1.175045823,0.310777743,0.4494513422,0.01529583053,0.01470637868,1.208846507,1.21962808,23.54945106,1.30860303,18.13392601,1.254161387,0.2610676129,0.08347250463,0.2834860446,3.489634655,3.23943613,3
0.366068089,0.5605539245,0.5978478276,0.2978508971,2.722881249,0.004838227826,0.003000692222,1.161799717,0.9229679376,19.52824514,1.194182424,11.94292341,1.062888629,0.2863112289,0.3185723481,0.4291883152,3.202065792,2.738816768,3
0.3501395795,0.4561519391,0.776324162,0.4015863259,0.8163971084,0.07958889997,0.09325135515,1.208494706,1.069814722,23.59247855,1.352577091,16.27762328,1.19273243,0.3095081315,0.1712101716,0.3449095676,2.956755157,3.142192008,3
0.3614502855,0.4382376237,3.23882185,0.427626286,0.2039765573,0.03387222163,0.03850083699,1.19171825,1.475955158,22.45497576,1.363590419,15.31710253,1.104613602,0.1201377501,0.2216533141,0.3421140719,2.404619798,3.987761903,3
0.5215694984,0.3779511825,0.6087956194,0.4370009088,0.5535618428,0.01574319852,0.01548365809,1.080634715,1.016081942,13.64934243,1.138379513,18.2320185,1.140398641,0.2970570123,0.247697542,0.4788571642,1.699806773,4.921686623,3
0.5017257635,0.3795111452,0.7533052811,0.7181635978,0.326644424,0.02306277264,0.02345568437,1.116514251,1.062941737,16.81479561,1.355463931,17.47605185,1.081078462,0.2345476388,0.3176449975,0.4985236114,1.173978798,5.424031944,3
0.5919567928,0.3673128471,0.4405848191,0.7352550607,0.7515185861,0.01888808502,0.01905752267,1.065631579,0.9258523427,12.86775381,1.197981057,18.52963769,1.118685255,0.1595428716,0.245527058,0.4871990029,1.400239211,5.370487392,3
0.4000827295,0.60558436,1.286410734,0.5586111935,0.8257011884,0.01527943353,0.0155227239,1.175822527,1.155067529,20.66108361,1.387257507,12.48326457,1.200857832,0.1715497829,0.06867493682,0.1601655253,1.484667581,1.048733378,3
0.5183880168,0.5333669924,0.7836581309,0.8752105576,1.008482706,0.06014867269,0.06946286004,1.105698501,1.017457717,16.14385449,1.332607374,13.22496473,1.134423611,0.2783897742,0.2142301054,0.3324535864,1.181927756,2.305681595,3
0.4318801979,0.5933135785,0.7995734987,0.3714922946,1.514886972,0.004102400963,0.00211307067,1.1228749,0.9954464597,16.33776827,1.159390236,11.44628894,1.086744325,0.3342957849,0.2298170483,0.4547709154,2.179456956,2.060566326,3
0.6494709442,0.5777904435,0.817842413,2.461974736,0.8258028845,0.03710832617,0.0420352414,1.052137091,0.9996066385,12.41454096,1.238390231,11.75480407,1.085378499,0.09563436398,0.2864687094,0.3392632872,1.796769247,2.240053452,3
0.3812156725,0.4264110192,1.061172879,0.384224077,0.3659696034,0.01384552443,0.01349778493,1.168055233,1.151915007,19.99632356,1.280550013,15.81378007,1.108554311,0.2150299564,0.2389129598,0.3545605534,2.322856975,4.187486684,3
0.4362143344,0.3583657433,0.9812210482,0.4110892516,0.4354741436,0.02000601882,0.02028352917,1.138499099,1.213098382,17.36286823,1.254339086,21.2535171,1.248791804,0.2070798401,0.3164724885,0.6072789164,1.603408595,4.828840263,3
0.4446330587,0.3000354385,1.010086958,0.3567725112,0.2154337559,0.02964335997,0.03181664184,1.118186564,1.192076987,16.46521927,1.194100547,22.13099261,1.086993724,0.2678825462,0.3252495165,0.6427372202,1.871000034,7.287795718,3
0.3004634602,0.3589221717,0.7654385369,0.2773144293,0.495536393,0.01232318324,0.01297153876,1.214714521,1.110142232,24.18903352,1.241989525,19.30602852,1.157948815,0.2408341486,0.1810331094,0.4542625225,4.560725967,5.176518939,3
0.4624397122,0.6421743604,0.9316963695,0.669309436,1.755781279,0.03598356536,0.03846108622,1.1389295,1.0342133,18.27653159,1.381995666,11.43718834,1.171885071,0.2629522055,0.3191896035,0.3560587445,1.093881805,1.073681357,3
0.3815847137,0.5021033847,0.8558353263,0.3156847926,0.6127473979,0.01251000402,0.01173282275,1.166995225,1.060618084,19.53333509,1.224536362,13.89954094,1.127105362,0.231975951,0.1738591107,0.4856623424,2.784332691,2.835288188,3
0.3806995875,0.442905597,1.007389626,0.4366855567,0.5436587681,0.007834341924,0.006176489907,1.181308601,1.151689867,20.74207965,1.324931016,16.34436432,1.204176622,0.1088979983,0.2299627285,0.1833279551,2.146715854,3.011921893,3
0.5195767922,0.511348108,0.6630818823,0.5564731184,0.9895680435,0.006402549895,0.005310083887,1.0925363,0.9759655098,14.20947938,1.187091283,13.10347912,1.069332757,0.2212029091,0.3275965669,0.3612796267,1.479764685,3.325918265,3
0.7341068663,0.5082157467,0.6213020244,1.268256884,3.146152597,0.03423992353,0.03701770988,1.004233362,0.9728659478,10.02035874,1.147855921,14.28416139,1.165630053,0.3179364149,0.1271151953,0.47790968,2.174402279,2.435643162,3
0.3823477956,0.4964701511,0.7434933654,0.4544665865,0.6961083586,0.01623426902,0.01712825555,1.188846281,1.022012792,21.24473011,1.320497238,13.77653074,1.097033898,0.2922161367,0.2991296831,0.3545823444,2.382931606,3.256241922,3
0.4480568429,0.6085080279,0.9164518464,0.4380046987,1.163750091,0.01366760523,0.01283409356,1.127694963,1.035022997,16.65922331,1.224435584,11.54766638,1.126653691,0.2304265118,0.2688543553,0.3191465005,1.659506979,1.558078676,3
0.5114306254,0.4873354882,0.7459275372,0.6912461269,1.923405456,0.02737520508,0.03112555878,1.10604937,1.042092474,14.73917675,1.202609961,14.9397643,1.185775301,0.1899361929,0.2206415272,0.3690582219,1.460997018,2.501307443,3
0.4512692761,0.5697743399,4.149720662,1.770525123,0.2433541395,0.04576169467,0.05241807215,1.165694688,1.505933764,18.9438933,1.36212301,14.9082355,1.376901707,0.2132669552,0.1534170609,0.1732994313,1.228018531,1.05143143,3
0.4468174696,0.4148233439,0.4248701449,0.4032047551,0.9691272487,0.004067408343,0.001855331801,1.11806756,0.8730203203,16.19850827,1.189427081,15.81392312,1.059648187,0.3044028808,0.342752987,0.4789418049,1.826595721,4.939589919,3
0.3149376396,0.3814314722,2.19197893,0.2852156869,0.2768444981,0.02229644897,0.02241129304,1.208123914,1.425155113,23.10483016,1.252093258,20.53288624,1.369486025,0.2454779318,0.3471863617,0.3571108827,4.006634755,2.889282624,3
0.5213941122,0.6720133618,1.082666689,0.6546638158,0.9747198153,0.03626028592,0.03942624744,1.102357254,1.066626831,15.36147313,1.284302132,10.82144776,1.135099482,0.1889144019,0.187242585,0.4987667314,1.166140378,1.288691627,3
0.5366961683,0.5262536212,1.237466385,0.5802585294,0.491967617,0.01289409463,0.01126022935,1.090555578,1.16506856,13.919434,1.19638862,13.93187854,1.198893177,0.1916862709,0.2694276582,0.4791255466,1.400745297,1.7086443,3
0.6324020809,0.6834156171,1.427534897,1.344693874,0.4263575763,0.007723527363,0.00672132765,1.055994572,1.119267266,12.26123178,1.205754571,9.729340309,1.051783236,0.116376882,0.3455526268,0.3225419032,1.5814256,1.92129543,3
0.4254904145,0.5363968554,1.304749658,0.4794394419,0.3561610058,0.01592631062,0.01556630472,1.151978223,1.156969698,18.91325841,1.328120464,12.58547408,1.084933362,0.1466488537,0.2672638278,0.4058955576,1.435818211,2.75337889,3
0.4822376408,0.6723298758,1.006745025,0.3974678918,0.9089397445,0.02942595192,0.03228291097,1.094183194,1.030630601,14.76435987,1.156650546,10.35936307,1.092688514,0.3437366828,0.2312942732,0.4939256482,1.755985648,1.617754096,3
0.4478233612,0.56243225,1.863093851,0.4322209538,0.2846647999,0.03658493505,0.04047475541,1.137038284,1.245862097,17.39192617,1.247450873,12.14658534,1.096048645,0.2177170309,0.2345607701,0.5292115952,1.664633479,2.287863165,3
0.406589176,0.4323599001,0.5178564077,0.3930293534,1.150043741,0.01030563676,0.009214006296,1.146727028,0.9353951143,18.27828456,1.23914697,15.50294586,1.094952199,0.2762974554,0.2831329862,0.4204638778,2.07352051,4.233645828,3
0.4898296362,0.4639121161,0.9745044446,0.5502641614,0.4926778169,0.02694510651,0.02978519152,1.107022899,1.110555375,15.36824657,1.215613932,14.85708835,1.130334485,0.2255773621,0.281548179,0.4352755963,1.47120947,3.333157985,3
0.3284123132,0.4431194726,0.6685398735,0.2775320871,3.038920043,0.00379211352,0.00186607459,1.197355729,1.048714589,22.07055166,1.224905379,16.7759059,1.205650477,0.2439542275,0.1132653429,0.2378249212,3.921480362,3.222386039,3
0.419413483,0.4853597806,1.116883466,0.4318097576,0.3685632716,0.02229053957,0.02509205363,1.147299268,1.131181811,18.18284113,1.246881315,13.73907602,1.07032459,0.1641596587,0.3161340018,0.4128269181,1.94971853,3.672441606,3
0.483778255,0.3045984338,0.5023928464,0.4870927651,0.4538995844,0.05053935567,0.05618693404,1.113665609,1.003888324,16.19309768,1.258972444,22.78467154,1.173736493,0.1420029896,0.2944213108,0.5525003434,1.356063664,6.435635553,3
0.4485435983,0.8101327121,1.418715116,0.4909214407,1.06642507,0.007722519041,0.007763827098,1.13715411,1.095583486,16.73035413,1.210154874,8.651832516,1.090484767,0.2223925375,0.2401687456,0.2711740008,1.803504835,1.619229434,3
0.5388392829,0.5291741434,1.266084975,0.493765577,0.5370649213,0.005404838065,0.002497117592,1.078081849,1.184388001,13.28985387,1.165727247,14.43707861,1.207982337,0.3498655347,0.2484698521,0.6478799202,1.496490778,1.857227586,3
0.5968087622,0.6266602564,0.8713971884,1.069350572,2.103331796,0.003206982339,0.00070650344,1.077063613,1.029476736,13.28020882,1.241475085,11.47688253,1.1312362,0.108407736,0.2637049042,0.5913818529,1.452930816,1.479519043,3
0.5176962005,0.5270718659,1.236732809,0.5912744334,0.8475800254,0.03345676291,0.03832026825,1.100025535,1.185147457,14.26100365,1.181007681,15.25403268,1.270258261,0.2466399442,0.1958383003,0.1973674231,1.516968957,1.406040383,3
0.4417678689,0.6920580748,1.224462196,0.4329906163,4.000268139,0.01238351944,0.01208078346,1.144375464,1.117378857,17.02472388,1.219317797,11.89698148,1.258561367,0.2910234693,0.2919819517,0.2913698991,1.818951668,1.091965114,3
0.4122127758,0.5795098788,0.8128434111,0.534448255,2.91871718,0.002645219912,0.0007743246815,1.162593334,1.024275286,19.31824911,1.326680842,11.96434906,1.113116757,0.1646433726,0.1933161047,0.2392247456,1.582721341,1.92045636,3
0.4588346029,0.4757622675,1.950266452,0.4505255655,0.3618962971,0.01361935078,0.01292902437,1.123803815,1.342899439,15.97522791,1.21591516,17.37878446,1.325773706,0.2955654975,0.2282532103,0.2911737591,1.578162172,1.806892017,3
0.6157765174,0.5187626916,1.158233356,0.9331765649,0.7547524839,0.01032729906,0.009461366648,1.059616936,1.164460808,11.82330171,1.151344879,15.07633458,1.265786282,0.2586204117,0.2093425509,0.1570679275,1.545173436,1.388942459,3
0.6986427248,0.694005712,1.113740966,1.386322889,0.9437486502,0.007229554261,0.0052318085,1.020514884,1.056675552,10.4820765,1.150737843,10.0504644,1.105188553,0.2977102135,0.174935451,0.33845286,1.966827052,1.43535062,3
0.4463395151,0.5683163709,1.639527747,0.4887345098,0.4622083067,0.01226749767,0.01151738134,1.131614796,1.233478251,16.583529,1.229041884,13.14254765,1.208868526,0.3110320757,0.2030366814,0.2485080184,1.612410302,1.213516189,3
0.4953981102,0.7483758312,0.9661639458,0.5885271452,1.777556433,0.0146336355,0.01500551415,1.114218769,0.9923814289,15.66302019,1.234322914,9.094197756,1.072731509,0.1644401904,0.2694298136,0.3255819589,1.412763151,1.625462897,3
0.3877183085,0.5951560996,1.112742769,0.5392721815,0.6714955708,0.01050082522,0.009404898872,1.183048935,1.098530828,21.715739,1.413625016,11.61333297,1.116799849,0.1870650053,0.2023002834,0.1687507021,1.611441001,1.714403888,3
0.3914205286,0.5966012205,0.8010214493,0.5180969872,1.605672463,0.01128985811,0.01021030048,1.17741069,1.003678933,21.48462418,1.4220426,11.45385789,1.09447227,0.2938558316,0.2428307802,0.1903066429,1.450169768,1.94904593,3
0.4435103154,0.5469156295,1.772977591,0.7149466281,0.4404285,0.01579719805,0.01573182226,1.159013455,1.275027376,18.22723789,1.307867834,14.8072715,1.323377457,0.1876538259,0.264088377,0.2364235418,1.414195005,0.8683338561,3
0.4312398264,0.6053401382,1.246912052,0.5514695058,0.8600013976,0.03595009816,0.03966797183,1.155343453,1.146476161,18.91520035,1.342440095,12.88726426,1.229950597,0.08495012894,0.1154275468,0.2444794072,1.334479062,0.9299824291,3
0.4444527842,0.5690723636,1.228870032,1.152444948,0.5604924657,0.009689056975,0.009497656273,1.162022382,1.14549375,19.71829493,1.419175036,12.30316246,1.124582631,0.1811975814,0.2392062312,0.2112498615,1.093067,1.925501454,3
0.4227645059,0.5931839047,3.999767709,0.5099759843,0.2356519433,0.004159414204,0.002074003579,1.156769906,1.479359661,18.35971521,1.298110235,12.91875772,1.239224282,0.1846675802,0.1722424563,0.2358524804,1.526630347,0.9138642678,3
0.5186552771,0.5421375564,1.111192515,0.8461597949,1.354244764,0.007824298936,0.005205890581,1.111214667,1.153599018,15.63488029,1.326836904,15.31453057,1.326790589,0.3238470395,0.2874738951,0.3173226689,1.287037025,0.9272636743,3
0.4501908883,0.4276724713,1.035867549,0.4869477626,0.8181219182,0.02066574548,0.02086692514,1.133837527,1.192246484,16.8086445,1.258231429,19.4339861,1.373169866,0.2648339265,0.2980287054,0.1789233668,1.456186989,2.249059991,3
0.4798402281,0.6396007992,1.763964808,0.5637973232,0.6240097438,0.006970626778,0.005316719801,1.118967663,1.236641594,15.45478497,1.224873918,12.84656821,1.285807907,0.2743396497,0.2428615689,0.230999378,1.439202225,0.9569520868,3
0.6423464105,0.6948410062,0.9815573871,2.780972291,2.772567153,0.001821730295,0.0002122326021,1.061493108,1.033436844,11.94619341,1.185678905,10.13540726,1.109086161,0.2452129267,0.226527289,0.175701879,1.579977632,1.41006511,3
0.4106425735,0.6972610423,1.58356764,0.4362174209,0.4826758194,0.006161190842,0.005313714853,1.158353205,1.159550823,18.71189767,1.264383298,9.840413311,1.081668712,0.141382935,0.2998079287,0.2399023284,1.971718524,1.630757519,3
0.4553938617,0.6778189595,2.699497319,0.5410632709,0.3345224991,0.01101754011,0.01137100236,1.138703029,1.327140009,16.21110317,1.179220933,10.73643725,1.171809439,0.3151048811,0.2067779953,0.2831401831,1.930985885,1.111675624,3
0.4601217296,0.7291569661,1.185634642,0.5390368239,1.085387953,0.02215871119,0.02386835886,1.137544167,1.066217968,16.78548661,1.227899156,9.833170418,1.135305871,0.2999189853,0.2807691167,0.2579337122,1.659990025,1.254459712,3
0.4269280056,0.5019668623,0.7720970153,0.6839128345,2.75636924,0.01093322893,0.01053015074,1.164835194,1.053720353,19.19523236,1.337389003,14.75976578,1.212012522,0.08966301423,0.2014657354,0.1807595568,1.44136042,1.983444675,3